Sr No,website_url,Category,Page Size (KB),Load Time(s),Response Time(s),Throughput,Performance_Label,User Response
0,https://www.booking.com/index.html?aid=1743217,Travel,-0.4252293141519952,1.5070459613439415,0.523,0.30321431766705687,medium,Medium
1,https://travelsites.com/expedia/,Travel,-0.4343853997096155,-0.46839061341002597,0.35,-0.2954279327770456,fast,Fast
2,https://travelsites.com/tripadvisor/,Travel,-0.43166619100572823,-0.5982050168938581,0.392,0.013827844282837995,fast,Medium
3,https://www.momondo.in/?ispredir=true,Travel,-0.37864162127992756,-1.0898692310548455,0.297,-0.31409514358033264,fast,Fast
4,https://www.ebookers.com/?AFFCID=EBOOKERS-UK.network.affiliatewindow.85386&awc=7904_1606029543_518c2af76500871f76cadec26f8eb055,Travel,-0.42124255764082724,-0.6496290801096756,1.211,-0.25424880090923047,slow,Medium
5,https://book.priceline.com/?refid=8431&refclickid=d196c1c3cad4c6e474196ac6815f9652,Travel,3.1431868517046673,-0.44957693174570246,0.284,-0.29876597579455727,slow,Fast
6,https://www.trip.com/index?locale=en_us&allianceid=21934&SID=455408&ouid=198c18a52c8911eb811b00ce0a18050d,Travel,-0.43166619100572823,0.3656826070416491,0.799,-0.16064451129317397,medium,Medium
7,https://www.orbitz.com/,Travel,-0.22772553821418695,-0.4934755222957906,2.099,-0.2608652790332268,slow,Medium
8,https://www.travelocity.com/,Travel,-0.4402770185680378,-1.1205982444399072,1.22,-0.2184641849893583,slow,Fast
9,https://www.hotwire.com/,Travel,-0.4280405794005453,1.6763690963228528,0.379,0.45351566532162263,fast,Medium
10,https://www.otel.com/,Travel,1.2601348242627688,-0.7875960789813814,1.135,-0.22751465281362357,slow,Medium
11,https://www.ebookers.com/?AFFCID=EBOOKERS-UK.network.affiliatewindow.85386&awc=7904_1606041576_a3c281bcb3eae0af35b22b076d1074ae,Travel,1.5764694368149819,-0.8101724969785695,0.495,-0.22870681103416346,slow,Medium
12,https://www.airbnb.co.in/?locale=en&_set_bev_on_new_domain=1606041642_YjI0OGQ3OWI5MDI2,Travel,-0.4343853997096155,-0.6784767253283052,0.533,0.6012538728020277,medium,Fast
13,https://in.lastminute.com/,Travel,-0.4357450040615591,-0.9023595371337546,1.941,-0.25281821104458263,slow,Medium
14,https://www.onthebeach.co.uk/?Adnetwork=aw&afid=85386&mv_pc=AW&awc=3655_1606041657_3771582e5a1d8da6c1b3321d83f9f0c4&utm_source=AWIN&utm_medium=affiliates&utm_campaign=85386,Travel,0.014737237882423317,-0.736799138487708,0.846,0.6742536945064198,medium,Medium
15,https://www.kayak.co.in/?ispredir=true,Travel,-0.4294001837524889,-0.6659342708854228,2.146,-0.19738285378947804,slow,Medium
16,https://www.marriott.com/default.mi?aff=MARWW&affname=10l1110&co=WW&nt=PH,Travel,-0.4402770185680378,-1.1205982444399072,1.025,-0.22384876628546344,slow,Fast
17,https://www.costcotravel.com/,Travel,-0.42758737794989743,0.28415665316291405,0.998,-0.2771084347880827,medium,Fast
18,https://hoteltravelclub.com/,Travel,-0.42758737794989743,1.3063666902578241,0.918,-0.1843287212745663,medium,Medium
19,https://www.wyndhamhotels.com/en-uk/ramada,Travel,-0.4298533852031368,1.7014540052086176,0.448,-0.07719343585538213,fast,Fast
20,https://westin.marriott.com/,Travel,-0.4189765503875879,-0.20499907010949703,0.315,-0.0325570451480013,fast,Medium
21,https://www.capellahotels.com/en/capella-ubud,Travel,-0.3695775922669702,-1.0440892723383248,0.349,-0.007799892768123094,fast,Slow
22,https://fogoislandinn.ca/,Travel,-0.42124255764082724,-0.46839061341002597,0.587,-0.15532947255993362,medium,Slow
23,https://www.ritzcarlton.com/en/hotels/indonesia/bali#Hotel,Travel,-0.3822672328851105,2.9556994494968505,1.383,-0.28610922935315886,slow,Slow
24,https://secretbay.dm/,Travel,-0.38906525464482855,0.1838170176198553,0.094,-0.2524804328820963,fast,Slow
25,https://www.sunsetkeycottages.com/,Travel,-0.35734115309947767,0.020765109862384983,0.702,-0.27518111233154324,medium,Slow
26,https://www.pueblobonito.com/resorts/emerald-bay,Travel,-0.4203361547395315,0.3656826070416491,0.598,-0.22364013859686896,medium,Slow
27,https://nihi.com/,Travel,-0.4148977373317571,-0.22381275177382054,0.414,-0.20979123393493065,fast,Slow
28,https://www.viceroyhotelsandresorts.com/los-cabos,Travel,-0.4402770185680378,-1.1205982444399072,0.267,-0.24425454116037112,fast,Slow
29,https://www.mandarinoriental.com/munich/altstadt/luxury-hotel,Travel,-0.42894698230184103,0.19635947206273763,4.317,-0.2970572156784501,slow,Slow
30,https://northblockhotel.com/,Travel,0.34376149105277665,-0.807036883367849,1.292,-0.19094519939856264,slow,Slow
31,https://www.milestonehotel.com/?cjevent=4ec1f2f92cc511eb834e01140a180510,Travel,-0.3505431313397596,1.5195884157868236,2.079,-0.29242766792202024,slow,Slow
32,https://www.rockhouse.com/,Social Networking and Messaging,-0.4280405794005453,-0.5662217580645081,0.347,-0.10218901987936835,fast,Slow
33,https://www.affordabletours.com/,Travel,-0.4312129895550804,-0.6521375709982521,0.875,-0.25462631767906807,medium,Slow
34,https://www.totallyspain.com/,Travel,-0.4148977373317571,-0.08584575290211492,1.775,-0.19763122008542383,slow,Slow
35,https://dreamworldtravel.co.uk/,Travel,-0.4357450040615591,-1.1205982444399072,0.989,-0.16638674005544107,medium,Slow
36,https://www.nepalspiritualtrekking.com/,Travel,-0.4402770185680378,-1.1205982444399072,0.405,-0.08291579531397356,fast,Slow
37,https://www.aandftour.com//,News,-0.06230700872771452,-0.9976821908996604,0.275,-0.257358346934472,medium,Slow
38,https://inkaexperience.com/,Travel,-0.4253213706966581,1.6638266418799708,3.062,-0.286099294701321,slow,Slow
39,http://www.peru-travels.com/,Travel,-0.42169575909147516,0.027036337083826155,1.133,-0.14447089810118288,slow,Slow
40,https://www.shiptoshoretravelltd.com/,Travel,-0.4402770185680378,-1.1205982444399072,0.867,-0.24267493151815575,medium,Slow
41,https://www.hnltravel.com/index.html,Travel,4.012427234047281,-0.44957693174570246,1.003,-0.3141646861431974,slow,Slow
42,https://islanddreamsworldtravel.com/,Travel,-0.42622777359795383,0.6917864225565897,0.467,-0.1420269737490761,fast,Slow
43,http://www.okeanostravel.com/,Travel,-0.4298533852031368,1.0555176014001775,0.4,-0.1166340036515766,fast,Slow
44,https://www.discovermongolia.mn/,Travel,-0.4284937808511932,0.13364719984832593,0.555,-0.18869003343137472,medium,Slow
45,https://www.turansa.com/,Travel,3.1631277155331734,-0.8007656561464077,0.691,-0.2273060251250291,slow,Slow
46,https://albatros-travel.com/,Travel,-0.43529180261091127,-0.807036883367849,1.242,-0.0667819207293338,slow,Slow
47,http://www.kenyadreamholidays.com/,Travel,-0.4294001837524889,-0.9199189733537898,3.582,-0.1834047986536479,slow,Slow
48,https://fts-travels.com/,Travel,-0.4266809750486017,1.005347783628648,1.638,-0.28051602036845924,slow,Slow
49,http://www.aimadventures.com/,Travel,1.516646845329463,-0.2363552062167029,0.418,0.07609824200237124,slow,Slow
50,https://www.nbitravel.com/,Travel,-0.3577943545501255,-0.8145623560335783,0.476,0.6029924368736483,fast,Slow
51,http://www.justcruisinplus.com/,Travel,-0.43030658665378463,1.902133276294735,0.442,-0.0177544139096311,fast,Slow
52,https://www.dwwatsontravel.com/,Travel,-0.41988295328888364,0.38449628870597247,0.921,-0.16440974433971242,medium,Slow
53,http://essentialdownunder.com/,Travel,-0.42577457214730596,0.05839247319103187,0.268,1.8716574112166788,fast,Slow
54,https://www.phuket-trips.com/,Travel,-0.4402770185680378,-1.1205982444399072,0.263,-0.311760500398442,fast,Slow
55,http://www.golfholidaysintl.com/,Travel,-0.42713417649924956,0.41585242481317847,5.439,-0.29998793797061063,slow,Slow
56,http://www.zentravel.gr/,Travel,-0.41716374458499644,1.093144964728824,5.524,-0.25787494883003925,slow,Slow
57,https://circuitosturquia.com/,Travel,-0.4402770185680378,-1.1205982444399072,1.698,-0.252381086363718,slow,Slow
58,http://www.jjbtravel.com/,Travel,-0.4280405794005453,1.1433147825003536,0.65,-0.12637989710449013,medium,Slow
59,https://www.ethiousatour.com/,Travel,0.2626384313868079,1.7014540052086176,0.806,0.5640486016693455,slow,Slow
60,https://agavetravelcreative.com/,Travel,3.755915212980587,-0.6816123389390256,1.46,-0.25584827985512143,slow,Slow
61,https://www.oberoihotels.com/hotels-in-jaipur-rajvilas-resort/?utm_source=affred&utm_medium=aff&utm_campaign=gbl-affmkt&_affclk=ttuk:118609::0::118609::143859c9f626eb0724f38065d097d658::::1606071865:902jip,Travel,-0.39676967930584234,1.7202676868729412,2.725,-0.1499448912638285,slow,Medium
62,https://www.jumeirah.com/en/stay/dubai/burj-al-arab-jumeirah,Travel,-0.4402770185680378,-1.1205982444399072,0.78,-0.1884416671354289,medium,Medium
63,https://tierrahotels.com/patagonia/,Travel,1.4767651176724506,-0.4934755222957906,2.55,-0.22695831231070496,slow,Medium
64,https://www.ritzparis.com/en-GB,Travel,-0.4180701474862922,-0.8772746282479899,1.395,-0.2494006908123683,slow,Medium
65,https://www.thehousecollective.com/en/the-middle-house/,Travel,-0.4402770185680378,-1.1205982444399072,4.387,0.28679233817911987,slow,Medium
66,https://www.grandhoteltremezzo.com/en/home/,Travel,-0.4402770185680378,-1.1205982444399072,1.354,-0.2067710997762296,slow,Medium
67,https://www.waldorfastorialoscabospedregal.com/,Travel,-0.36277957050725207,0.9928053291857657,4.738,-0.14296083102183235,slow,Medium
68,https://www.andbeyond.com/our-lodges/africa/south-africa/kruger-national-park/ngala-private-game-reserve/andbeyond-ngala-safari-lodge/,Travel,1.5288832844969555,-0.9412411459066898,3.421,-0.25762658253409343,slow,Medium
69,https://novotel.accor.com/gb/usa/index.shtml,Travel,-0.4402770185680378,-1.1205982444399072,2.896,-0.2502749401740975,slow,Medium
70,https://www.delta.com/apac/en,Travel,-0.4402770185680378,-1.1205982444399072,0.36,-0.17847721134208305,fast,Medium
71,https://www.jal.co.jp/inl/en/,Travel,-0.4402770185680378,-1.1205982444399072,0.2,1.7134977539583875,fast,Medium
72,https://www.spicejet.com/,Travel,-0.4248681692460102,1.6638266418799708,1.577,-0.2594446238204168,slow,Medium
73,https://www.airnewzealand.co.nz/homepage,Travel,-0.4330257953576719,0.13364719984832593,0.194,-0.006707081065961512,fast,Medium
74,https://www.finnair.com/,Travel,-0.43529180261091127,-0.5091535903493936,0.492,-0.22841870613086634,fast,Medium
75,https://www.britishairways.com/travel/home/public/en_in/,Travel,3.3444082957923214,-0.3053387056525556,0.276,0.14776682036049388,slow,Medium
76,https://www.airvistara.com/in/en,Travel,-0.4035677010655604,-1.0892421083327013,4.62,-0.009319894499311417,slow,Medium
77,https://www.singaporeair.com/en_UK/in/home#/book/bookflight,Travel,-0.4040209025162082,-1.070428426668378,2.014,-0.10345072066277304,slow,Medium
78,https://www.olacabs.com/,Travel,-0.4402770185680378,-1.1205982444399072,0.436,-0.023566185234763056,fast,Medium
79,https://www.meru.in/,Travel,-0.3306022675112533,-0.4934755222957906,0.366,2.864258280290023,fast,Medium
80,https://www.carzonrent.com/,Travel,-0.4402770185680378,-1.1205982444399072,0.053,1.2658125381901477,fast,Medium
81,https://www.bharattaxi.com/,Travel,2.298419347697038,-0.14228679789508533,3.709,-0.2807941906199185,slow,Medium
82,https://www.megacabs.com/,Travel,-0.4402770185680378,-1.1205982444399072,0.369,0.4420808810562776,fast,Slow
83,http://www.mytaxiindia.com/,Travel,-0.4402770185680378,-1.1205982444399072,1.082,-0.20275750043374532,slow,Slow
84,https://www.zoomcar.com/bangalore/,Travel,-0.4402770185680378,-1.1205982444399072,0.271,-0.31478063455714306,fast,Slow
85,https://www.lyft.com/,Travel,-0.4402770185680378,-1.1205982444399072,3.083,-0.286456942167483,slow,Medium
86,https://www.grab.com/sg/transport/taxi/,Travel,-0.43347899680831975,-0.17991416122373236,1.508,-0.26839574512630376,slow,Medium
87,http://www.bitaksi.com/en/,Travel,-0.42441496779536236,-0.17991416122373236,0.677,0.25659099659210954,medium,Medium
88,https://www.avaseakrabi.com/,Travel,-0.4402770185680378,-1.1205982444399072,0.692,-0.24823833654734187,medium,Medium
89,https://www.fariyas.com/resort-in-lonavala/,Travel,-0.4402770185680378,-1.1205982444399072,0.342,0.33962481665271244,fast,Slow
90,https://www.fernhotels.com/,Travel,-0.33875989362291503,0.1524608815126493,0.291,-0.2869536747593746,fast,Slow
91,https://www.tajhotels.com/,Travel,-0.4062869097694476,0.3656826070416491,0.179,3.428705459108307,fast,Medium
92,https://www.montriresort-bangkok.com/,Travel,-0.4294001837524889,-0.11093066178787947,0.124,-0.3152972364527103,fast,Medium
93,https://www.tridenthotels.com/,Travel,-0.4180701474862922,0.6667015136708251,0.122,0.39624239747651907,fast,Medium
94,https://www.tropicanaalibaug.com/,Travel,-0.4402770185680378,-1.1205982444399072,0.321,0.4416536910272507,fast,Medium
95,https://www.anantara.com/en/riverside-bangkok,Travel,-0.43393219825896756,0.03330756430526732,0.552,-0.13988108895210433,medium,Medium
96,http://sunbeachresortgorai.com/,Travel,-0.42078935619017943,1.7014540052086176,0.422,-0.014704475795416573,fast,Medium
97,https://waterfrontshaw.com/,Travel,-0.41988295328888364,2.7989187689608213,0.259,2.4875462172512584,fast,Medium
98,https://www.silenthillsresort.com/,Travel,-0.41852334893694004,-0.3617797506455262,0.565,-0.31360834564027884,medium,Medium
99,https://www.fubo.tv/lp/StreamTV/?irad=343747&irmp=398453&subId1=streamingservices&subId2=ckhgo1ujg00003r8zaneft7pl,Streaming Services,-0.4312129895550804,-0.7117142296019432,0.982,-0.2625343005419826,medium,Medium
100,https://www.hulu.com/,Streaming Services,-0.38861205319418063,0.07720615485535538,0.179,7.1560974167964675,fast,Slow
101,https://tv.youtube.com/,Streaming Services,-0.4357450040615591,-0.16737170678085,0.268,1.723601294877463,fast,Medium
102,https://www.attwatchtv.com/,Streaming Services,-0.42689341322859287,-0.16737170678085,0.396,-0.23226341639210746,fast,Slow
103,https://www.klowdtv.com/,Streaming Services,3.217965091061566,-0.13601557067364414,0.95,-0.12948944312973168,slow,Slow
104,https://corporate.pluto.tv/,Streaming Services,-0.4357450040615591,-1.1205982444399072,0.197,0.33253147524050014,fast,Slow
105,https://www.xumo.tv/,Streaming Services,-0.415350938782405,1.387892644136559,0.237,-0.020476508513197177,fast,Slow
106,https://www.zee5.com/,Streaming Services,-0.41977673419888806,1.387892644136559,0.495,-0.119217013129413,fast,Slow
107,https://www.netflix.com/in/,Streaming Services,-0.42420252961537114,1.387892644136559,0.403,-0.043713659161887054,fast,Medium
108,https://www.bravotv.com,Streaming Services,-0.40649934794943876,1.387892644136559,1.312,2.4968847899788202,slow,Slow
109,https://watch.diynetwork.com/watch/diy,Streaming Services,2.608409139940181,-0.9123935006880605,0.338,0.9394194867100034,slow,Slow
110,https://abc.com,Streaming Services,-0.41353813297981346,1.6450129602156471,0.064,-0.3142540980097379,fast,Slow
111,https://www.plex.tv,Streaming Services,-0.43030658665378463,-0.16737170678085,0.606,0.16341389700507986,medium,Medium
112,https://www.popcornflix.com/pages/discover/d/movies,Streaming Services,-0.42078935619017943,0.3594113798202078,0.357,-0.30922716417979473,fast,Slow
113,https://www.netflix.com/in/,Streaming Services,-0.43166619100572823,-0.7016802660476373,0.287,0.5432951139801137,fast,Medium
114,https://www.aetv.com,Streaming Services,-0.4280405794005453,-0.46839061341002597,0.567,0.43708375118184795,medium,Medium
115,https://www.amebatv.com,Streaming Services,-0.42305536344341876,-0.26144011510246745,0.578,-0.06123838500382336,medium,Slow
116,https://www.ahctv.com,Streaming Services,-0.43211939245637615,-0.9512751094609957,1.295,-0.29618296631672086,slow,Slow
117,https://www.amc.com,Streaming Services,-0.43075978810443255,-0.13601557067364414,0.351,-0.1133555685450919,fast,Medium
118,https://www.cbs.com,Streaming Services,-0.43393219825896756,-0.8816644873029987,0.633,-0.2575769092749043,medium,Medium
119,https://www.contv.com/browse-movie/,Streaming Services,-0.4248681692460102,0.25280051705570805,1.75,0.20052975627122158,slow,Slow
120,https://www.epix.com,Streaming Services,-0.4343853997096155,-0.0482183895734679,1.171,0.8969488501032701,slow,Slow
121,https://www.freeform.com,Streaming Services,-0.43347899680831975,-1.0026991726768133,0.352,-0.09774823050785729,fast,Slow
122,https://www.hmnow.com,Streaming Services,-0.42713417649924956,-1.0835980038334043,0.466,0.2136832353045116,fast,Slow
123,https://www.here.tv,Streaming Services,-0.43166619100572823,-0.28025379676679096,0.801,-0.2193483690029254,medium,Medium
124,https://www.criterionchannel.com,Streaming Services,-0.42305536344341876,-1.0917505992212777,1.027,-0.29171237298969627,slow,Medium
125,https://upfaithandfamily.com,Streaming Services,-0.4294001837524889,-0.7085786159912226,0.739,-0.03632227819453978,medium,Medium
126,https://tubitv.com,Streaming Services,2.4842319424626647,-0.07330329845923259,0.631,-0.18034492588759551,slow,Medium
127,https://www.iflix.com,Streaming Services,-0.4312129895550804,0.4472085609203842,0.745,-0.18879931460159088,medium,Medium
128,https://www.vudu.com,Streaming Services,-0.4298533852031368,-0.41822079563849657,0.277,-0.3053228460075266,fast,Medium
129,https://123moviesfree.net/home,Streaming Services,-0.4402770185680378,-1.1205982444399072,0.804,-0.24717532880069382,medium,Medium
130,https://putlocker-is.org,Streaming Services,-0.4298533852031368,0.25280051705570805,0.421,0.4343020486672548,fast,Slow
131,https://www.kanopy.com,Streaming Services,-0.42577457214730596,-0.13601557067364414,1.981,-0.14305024288837284,slow,Medium
132,https://www.apple.com/itunes/,Streaming Services,-0.37546921112539244,-0.2739825695453498,1.622,-0.2254283759276788,slow,Medium
133,https://www.spotify.com/in/,Streaming Services,1.1132975542528591,1.2122982819362065,0.825,-0.24196957123766966,slow,Medium
134,https://music.youtube.com,Streaming Services,1.4980655858529004,-0.8327489149757576,0.232,-0.2837447822157548,slow,Medium
135,https://music.amazon.in,Streaming Services,-0.4203361547395315,-0.5787642125073905,1.897,-0.28323811497202533,slow,Slow
136,https://www.hungama.com,Streaming Services,-0.43483860116026335,-0.1485580251165265,0.495,-0.1362152024239442,fast,Slow
137,https://soundcloud.com,Streaming Services,-0.4266809750486017,-0.7048158796583579,1.559,-0.01717820410303684,slow,Medium
138,https://www.jamendo.com/?language=en,Streaming Services,-0.42713417649924956,0.1148335181840024,0.288,-0.06071184845641824,fast,Slow
139,https://www.soundclick.com,Streaming Services,-0.32335104430088746,-0.9901567182339309,0.696,0.3233617915941809,medium,Medium
140,https://www.idagio.com,Streaming Services,-0.42078935619017943,0.6541590592279427,0.155,-0.2097514953275793,fast,Slow
141,https://tidal.com,Streaming Services,-0.4235085648940666,-0.7794434835935078,0.726,-0.13141676558627113,medium,Slow
142,https://gaana.com,Social Networking and Messaging,-0.4357450040615591,-0.743070365709149,0.322,-0.2447810777077762,fast,Slow
143,https://www.jiosaavn.com,Streaming Services,2.70856666053336,-0.7957486743692548,1.498,-0.30087212198417773,slow,Slow
144,https://www.apple.com/in/apple-music/,Streaming Services,-0.40900611847333473,0.014493882640943813,0.085,0.488575051657333,fast,Slow
145,https://www.livexlive.com,Streaming Services,-0.022425281070702,-0.7117142296019432,4.586,-0.30467709363806755,slow,Slow
146,https://us.napster.com,Streaming Services,2.5812170529013088,-0.21754152455237938,0.487,-0.29769303339607134,slow,Medium
147,https://www.primephonic.com,Streaming Services,-0.43529180261091127,1.0994161919502654,0.499,-0.20922495878017422,fast,Medium
148,https://groovesharks.org,Streaming Services,-0.4312129895550804,-0.5856625624509758,0.339,0.06446476470026952,fast,Medium
149,https://www.murfie.com,Streaming Services,-0.036927727491433845,-0.807036883367849,0.953,-0.12107479302308766,medium,Medium
150,https://www.anghami.com,Streaming Services,-0.4071933126707433,0.08347738207679656,0.853,-0.3125652071973064,medium,Medium
151,https://www.epidemicsound.com,Streaming Services,-0.40900611847333473,0.8422958758711776,0.466,-0.30637591910233686,fast,Medium
152,https://www.last.fm,Streaming Services,1.5637797961968414,-0.38686465953129084,0.424,-0.3084522613364438,slow,Medium
153,https://blip.fm,Streaming Services,-0.43347899680831975,-0.25516888788102643,1.585,-0.28786766272845515,slow,Medium
154,https://www.jango.com,Streaming Services,-0.43483860116026335,-0.6427307301660904,0.186,-0.2681076402230066,fast,Medium
155,https://www.iheart.com/podcast/,Streaming Services,2.53408410203393,1.7578950502015878,0.37,-0.09681437323510104,slow,Slow
156,https://vimeo.com,Streaming Services,-0.42169575909147516,0.3531401525987668,2.864,0.008890322319435285,slow,Medium
157,https://www.twitch.tv,Streaming Services,-0.4343853997096155,-0.46839061341002597,0.35,-0.2954279327770456,fast,Medium
158,https://livestream.com,Streaming Services,-0.43166619100572823,-0.5982050168938581,0.392,0.013827844282837995,fast,Medium
159,https://www.periscope.tv,Streaming Services,-0.37864162127992756,-1.0898692310548455,0.297,-0.31409514358033264,fast,Medium
160,https://www.dacast.com,Streaming Services,-0.42124255764082724,-0.6496290801096756,1.211,-0.25424880090923047,slow,Medium
161,https://video.ibm.com,Streaming Services,-0.4343853997096155,-0.9318343050745281,0.705,-0.2074168521456887,medium,Slow
162,https://www.shoutcast.com,Streaming Services,-0.4402770185680378,-1.1205982444399072,0.294,-0.21547385478617073,fast,Slow
163,https://www.panopto.com,Streaming Services,2.9084285002690704,-0.7512229610970226,1.364,-0.2583418774664174,slow,Slow
164,https://streamlabs.com,Streaming Services,-0.4312129895550804,-0.7988842879799753,1.103,-0.25786501417820146,slow,Medium
165,https://corp.kaltura.com,Streaming Services,-0.42305536344341876,0.19635947206273763,0.303,-0.1581111750745267,fast,Slow
166,https://www.vplayed.com,Streaming Services,3.779028486963628,-0.25516888788102643,2.356,-0.2580239686076068,slow,Slow
167,https://www.vmix.com,Streaming Services,-0.4402770185680378,-1.1205982444399072,0.915,-0.2837646515194304,medium,Slow
168,https://www.facebook.com/formedia/solutions/facebook-live,Streaming Services,-0.4248681692460102,-0.7355448930434195,0.776,-0.25980227128657873,medium,Slow
169,https://clipbucket.com,Streaming Services,-0.42305536344341876,0.1148335181840024,0.741,-0.2820161527959719,medium,Slow
170,https://www.ventunotech.com,Streaming Services,-0.4298533852031368,1.5509445518940292,1.441,-0.22230889525059944,slow,Slow
171,https://www.shift72.com,Streaming Services,-0.422148960542123,-0.17991416122373236,1.008,-0.27810189997186596,slow,Slow
172,https://instagib.tv,Streaming Services,-0.4235085648940666,0.42839487925606085,0.575,-0.3130917437447115,medium,Slow
173,https://switchboard.live,Streaming Services,-0.4343853997096155,1.7014540052086176,0.244,-0.1658502688561981,fast,Slow
174,https://streamyard.com,Streaming Services,-0.4330257953576719,1.2687393269291767,0.426,0.26764826408761694,fast,Medium
175,https://www.primevideo.com,Streaming Services,-0.41942975183823583,0.3217840164915608,0.922,-0.2534937673695552,medium,Slow
176,https://mubi.com,Streaming Services,0.12531839184050347,0.027036337083826155,0.43,0.19497628589387325,medium,Slow
177,https://www.sho.com/video/full-episodes,Streaming Services,-0.42441496779536236,0.2716141987200317,0.561,-0.15886620861420195,medium,Slow
178,https://azm.to,Streaming Services,-0.4402770185680378,-1.1205982444399072,1.33,-0.26747182250538537,slow,Slow
179,https://www.broadwayhd.com,Streaming Services,-0.432572593907024,-0.6157644531138934,3.226,-0.3084820652919573,slow,Slow
180,https://www.cameleon.live,Streaming Services,-0.42622777359795383,-0.4621193861885848,0.323,0.1569265693549753,fast,Slow
181,https://www.hidive.com,Streaming Services,-0.42894698230184103,0.38449628870597247,0.297,-0.009925908261419205,fast,Slow
182,https://www.medici.tv/en/,Streaming Services,3.860151546629597,-0.7995114107021195,0.688,0.02643491746504726,slow,Medium
183,http://www.metacdn.com,Streaming Services,-0.42305536344341876,1.0304326925144127,0.791,-0.23940643106350892,medium,Medium
184,https://www.shemarooent.com,Streaming Services,1.110578345548972,-0.5367469901237346,3.166,-0.3004051933477996,slow,Slow
185,https://www.siriusxm.com,Streaming Services,-0.4312129895550804,0.4472085609203842,0.568,-0.2758765379601915,medium,Medium
186,https://www.att.com/tv/,Streaming Services,-0.42441496779536236,1.011619010850089,0.304,-0.3094556611720649,fast,Medium
187,https://tunein.com,Streaming Services,2.1728825458675782,-0.3116099328739968,0.488,-0.24596330127647825,slow,Medium
188,https://www.purevolume.com/?safari=1,Streaming Services,-0.4402770185680378,-1.1205982444399072,1.603,-0.22294471296822072,slow,Slow
189,https://wynk.in/music,Streaming Services,-0.42260216199277084,0.1587321087340906,1.306,0.710564846973697,slow,Medium
190,https://watch.mhzchoice.com,Streaming Services,-0.4062869097694476,1.387892644136559,1.967,-0.20585711180714902,slow,Slow
191,https://spuul.com,Streaming Services,-0.42305536344341876,-0.16737170678085,1.181,-0.3152972364527103,slow,Medium
192,https://solarmovie.mom,Streaming Services,-0.4280405794005453,-0.5398826037344552,0.776,-0.2800192877765676,medium,Slow
193,https://gostreamsite.ga,Streaming Services,-0.4330257953576719,-0.3366948417597615,3.5,-0.3141150128840083,slow,Medium
194,https://www.imdb.com/tv/,Streaming Services,-0.3668583835630829,1.4317912346866475,0.407,-0.23461792887767374,fast,Slow
195,https://moviestars.to,Streaming Services,1.2542432054043464,-0.8954611871901693,0.436,-0.17516897228008485,slow,Medium
196,https://www.stream4u.net,Streaming Services,-0.276218093433509,-0.753731451985599,0.522,2.0798380404784558,medium,Slow
197,https://ww5.fmovie.sc,Streaming Services,-0.4203361547395315,2.6421380884247925,0.99,-0.20712874724239158,medium,Medium
198,http://www.streamlord.com/index.html,Streaming Services,-0.4253213706966581,-1.0641571994469365,0.731,0.20249681733511238,medium,Medium
199,https://flixtor.is/home,Streaming Services,-0.41988295328888364,-0.12974434345220298,1.278,-0.26674659292122355,slow,Medium
200,https://www.yidio.com,Streaming Services,1.1504600732059844,-0.9863939819010663,3.085,-0.29101694736104805,slow,Slow
201,https://sports.inquirer.net/,Streaming Services,1.6992870299405547,0.2778854259414727,0.812,-0.0694543420737107,slow,Medium
202,https://wwos.nine.com.au/,Streaming Services,-0.4294001837524889,0.7544986947710014,0.836,-0.2722702593430584,medium,Medium
203,https://www.essentiallysports.com/,Streaming Services,-0.2748584890815654,-0.9117663779659164,2.19,-0.25460644837539237,slow,Slow
204,https://www.insidesport.co/,Streaming Services,-0.4357450040615591,-0.6527646937203962,0.712,-0.2197556897282765,medium,Slow
205,https://www.sportsnet.ca/,Sports,-0.4343853997096155,-0.9493937412945634,0.781,-0.0465251656319936,medium,Medium
206,https://www.theroar.com.au/,Sports,-0.4402770185680378,-1.1205982444399072,2.666,0.08528779495236617,slow,Medium
207,https://canoe.com/category/sports/,Sports,-0.42441496779536236,-0.023133480687703215,0.602,-0.16079353107074143,medium,Fast
208,https://sportscafe.in/,Sports,-0.43075978810443255,1.1746709186075595,1.401,-0.131307484416055,slow,Medium
209,https://www.footballcritic.com/,Sports,-0.43347899680831975,-0.3805934323098497,0.348,-0.28819550623910367,fast,Fast
210,https://www.whatproswear.com/,Sports,-0.4162573416837007,1.387892644136559,1.936,-0.3004051933477996,slow,Fast
211,https://www.sportscrunch.in/,Sports,-0.43483860116026335,-0.6640529027189903,0.818,-0.1845671529186743,medium,Medium
212,https://arysports.tv/,Sports,-0.41852334893694004,0.5663618781277663,1.895,-0.2823439963066204,slow,Medium
213,https://usatodayhss.com/,Sports,-0.4266809750486017,-0.317881160095438,0.505,-0.1588761432660398,medium,Slow
214,https://www.thesportsnews.in/,Sports,-0.4280405794005453,-0.3429660689812027,0.75,-0.1608730082854441,medium,Fast
215,https://unafraidshow.com/,Sports,-0.42758737794989743,1.387892644136559,0.461,-0.2584014853774444,fast,Fast
216,https://worldinsport.com/,Sports,-0.4298533852031368,1.387892644136559,2.077,-0.30141852783525847,slow,Medium
217,http://www.indiansportsnews.com/,Sports,-0.4253213706966581,-0.20499907010949703,0.604,-0.2517651379497724,medium,Fast
218,https://www.sportsnewsireland.com/,Sports,3.7676984506974316,0.246529289834267,1.055,-0.30613748745822883,slow,Fast
219,https://westwoodonesports.com/,Sports,-0.3840800386877019,0.4534797881418252,0.733,-0.22539857197216528,medium,Medium
220,https://xtratime.in/,Sports,1.5542625657332363,0.10229106374112007,1.732,0.3494799912758421,slow,Medium
221,https://www.sportelo.com.ng/,Sports,-0.3840800386877019,-0.807036883367849,0.699,-0.1964191925612083,medium,Fast
222,https://sportsrenegade.com/,Sports,-0.43075978810443255,-0.11720188900932065,1.678,-0.2379659065470232,slow,Fast
223,https://www.thesportsmirror.com/,Sports,1.3176914084950482,-0.39313588675273203,0.103,0.26574081093475316,slow,Slow
224,https://franchisesports.co.uk/,Sports,-0.4126317300785178,2.6860366789748804,0.318,-0.06615603766355037,fast,Medium
225,https://pacificnwsports.com/,Sports,-0.42441496779536236,0.3405976981558844,0.543,-0.2947126378447216,medium,Medium
226,https://247sportsgist.com/,Sports,-0.4357450040615591,-1.1205982444399072,0.266,0.3305942181321228,fast,Slow
227,https://www.sportelo.com.ng/,Sports,-0.42441496779536236,0.3217840164915608,0.173,1.7939187605856408,fast,Slow
228,https://sportsrenegade.com/,Sports,-0.43393219825896756,-0.4370344773028201,0.37,-0.13295663662113516,fast,Slow
229,https://prosportsoutlook.com/,Sports,-0.43030658665378463,0.58517555979209,0.184,-0.1864448021160246,fast,Slow
230,https://www.sportskanazee.com/,Sports,-0.4343853997096155,-0.1234731162307618,0.329,4.40192382244604,fast,Fast
231,https://daenadsports.blogspot.com/,Sports,-0.42894698230184103,0.9112793753070306,0.382,0.8871334140874916,fast,Fast
232,https://sportsevolve.blogspot.com/,Sports,-0.4357450040615591,-1.1205982444399072,0.99,-0.26535574166392706,medium,Fast
233,https://www.sportspac12.com/,Sports,-0.43030658665378463,-1.0365637996725956,0.751,-0.24743362974847746,medium,Fast
234,http://www.manunitedforever.net/,Sports,1.2537900039536987,-0.9387326550181133,0.473,-0.27261797215738254,slow,Fast
235,https://sportsration.com/,Sports,-0.42758737794989743,-0.28025379676679096,0.736,-0.24078734766896762,medium,Slow
236,https://www.footballaudit.com/,Sports,0.932923376895007,-0.8333760376979018,1.406,-0.2409065634910216,slow,Slow
237,https://www.csipacific.ca/,Sports,-0.4248681692460102,0.34686892537732544,2.553,-0.07886245736413795,slow,Medium
238,https://www.thebuzzsports.com/,Sports,1.0992483092827752,0.2402580626128257,0.216,-0.2703429368865189,slow,Medium
239,https://prosportsoutlook.com/,Sports,-0.43473238207026776,-0.9550378457938604,0.103,-0.2540699771761495,fast,Medium
240,https://www.sporttechie.com/,Sports,-0.4214549958208184,-0.8296133013650371,0.125,3.8074441911219896,fast,Fast
241,https://globalmoneyworld.com/index.php/category/global-world-sports/,Streaming Services,-0.4235085648940666,-0.0043197990233797,0.209,-0.23436956258172792,fast,Slow
242,https://www.scout.com/,Sports,-0.4402770185680378,-1.1205982444399072,0.497,-0.22854785660475815,fast,Medium
243,https://sportsevolve.blogspot.com/,Sports,-0.43030658665378463,-0.8923255735794487,3.475,-0.30146820109444766,slow,Medium
244,https://seriouslysports.com/,Sports,-0.3641391748591957,3.319430628340438,0.68,-0.25185454981631283,medium,Medium
245,https://sportstar.thehindu.com/,Sports,-0.4330257953576719,-0.14228679789508533,0.276,-0.17000295332441204,fast,Medium
246,https://sportsinfonow.com/,Sports,-0.41036572282527845,-1.0904963537769896,0.762,-0.2658723435594943,medium,Fast
247,https://www.sportsmanagement.co.uk/index.cfm,Sports,1.5048636076126185,-0.9362241641295369,0.652,-0.2874206033957527,slow,Medium
248,https://www.completesports.com/,Sports,-0.4180701474862922,0.4660222425847076,0.545,-0.21676535952508896,medium,Medium
249,https://sportgrill.blog/,Sports,-0.43166619100572823,-0.016862253466262044,0.323,-0.28949694562985967,fast,Medium
250,https://blog.betzcenter.com/,Sports,-0.43483860116026335,1.2499256452648533,0.718,-0.3105981461334156,medium,Slow
251,https://www.sportsplatform.in/,Sports,-0.40175489526296887,-0.029404707909144383,0.648,-0.21440091238768486,medium,Medium
252,https://sportspages.in/blog/,Sports,-0.2431343875362145,0.4472085609203842,0.342,-0.18673290701932174,fast,Fast
253,https://benwsportblog.wordpress.com/,Sports,-0.4294001837524889,0.07093492763391421,2.416,-0.022542916095466294,slow,Fast
254,https://www.sportshype.online/,Sports,-0.41942975183823583,1.2750105541506178,0.249,-0.06704022167711746,fast,Slow
255,http://kridangan.com/,Social Networking and Messaging,0.19375181088833182,-0.5706116171195169,0.399,-0.3086112157658491,slow,Medium
256,https://www.athletesanon.com/blog,Sports,-0.43347899680831975,-0.1485580251165265,0.256,-0.2803769352427296,fast,Slow
257,https://sportsvilla.wordpress.com/,Sports,-0.4053805068681518,0.5789043325706487,0.684,-0.2546163830272303,medium,Fast
258,https://www.goal.com/en,Sports,-0.4357450040615591,-1.1205982444399072,0.936,-0.24657924969042386,medium,Fast
259,https://www.101greatgoals.com/,Sports,-0.432572593907024,-0.016862253466262044,0.274,-0.27899601863727086,fast,Fast
260,https://www.thisisanfield.com/,Sports,-0.4357450040615591,-1.1205982444399072,0.131,-0.24921193242744946,fast,Fast
261,https://sport360.com/,Sports,0.7099482631762553,-0.8390201421971988,0.265,-0.15508110626398783,slow,Medium
262,https://www.criclines.com/,Sports,-0.43075978810443255,-0.6740868662732962,0.061,0.01206941090754163,fast,Fast
263,https://www.cricadium.com/,Sports,-0.4330257953576719,-0.46839061341002597,1.586,-0.19378650982418272,slow,Medium
264,https://cricblog.net/,Sports,-0.43030658665378463,-0.42449202285993776,0.176,-0.26019965736009204,fast,Fast
265,https://www.beforeyoubet.com.au/,Sports,-0.3759224125760403,2.8051899961822624,0.158,-0.18160662667100025,fast,Slow
266,https://www.zerocric.com/,Sports,-0.42713417649924956,2.516713543995969,0.186,-0.3137673000696841,fast,Slow
267,https://www.thefulltoss.com/,Sports,-0.4312129895550804,-0.8283590559207489,3.968,-0.2930038777286145,slow,Fast
268,https://www.sweepcricket.com/,Sports,-0.43529180261091127,0.553819423684884,0.401,-0.281360465774675,fast,Medium
269,https://caribbeancricket.com/news,Sports,-0.4330257953576719,0.7607699219924425,0.628,-0.27644281311494795,medium,Slow
270,https://cricket-cup.blogspot.com/,Sports,2.1506756747858327,0.1838170176198553,1.175,-0.2937191726609384,slow,Fast
271,https://www.mycricket.ae/,News,-0.415350938782405,-0.18618538844517352,0.787,1.1363143514840028,medium,Slow
272,https://caughtatpoint.com/,Sports,-0.4312129895550804,0.7733123764353248,1.101,0.09258976405317293,slow,Fast
273,https://www.qldcricket.com.au/,Sports,-0.43347899680831975,-0.2739825695453498,0.028,0.5590216678394023,fast,Fast
274,https://www.starsandstripesfc.com/,Sports,-0.42124255764082724,0.516192060356237,0.934,-0.2655445000488459,medium,Medium
275,https://www.yoursoccerdose.com/,Sports,-0.4402770185680378,-1.1205982444399072,1.065,-0.040266334974159254,slow,Slow
276,https://www.liverpoolecho.co.uk/,Sports,-0.4148977373317571,0.7482274675495602,0.362,-0.2935502835796953,fast,Medium
277,https://www.football.london/,Sports,-0.4357450040615591,0.07093492763391421,0.253,-0.28604962144213186,fast,Medium
278,http://www.avillafan.com/,Sports,-0.4203361547395315,0.7607699219924425,0.415,-0.23674394437096985,fast,Medium
279,http://www.just-football.com/,Sports,-0.4402770185680378,-1.1205982444399072,1.211,-0.229799622736325,slow,Fast
280,https://onefootball.com/en/home,Sports,-0.4280405794005453,1.042975146957295,0.087,0.9950038637426756,fast,Medium
281,https://www.nottinghampost.com/sport/football/,Sports,-0.42894698230184103,0.3280552437130021,5.448,-0.31294272396714407,slow,Fast
282,https://www.soccerstats.com/,Sports,-0.43166619100572823,1.4443336891295295,7.419,-0.3152972364527103,slow,Slow
283,https://www.diariogol.com/,Sports,-0.380454427082519,1.130772328057471,0.196,-0.25044382925534064,fast,Medium
284,https://crickettimes.com/,Sports,1.5035040032606748,-0.5649675126202199,0.588,-0.0651824417834428,slow,Slow
285,http://www.legaseriea.it/en,Sports,-0.4284937808511932,0.07720615485535538,1.385,-0.20773476100449936,slow,Medium
286,https://arseblog.com/,Sports,-0.4343853997096155,0.42839487925606085,0.864,-0.1971344874935322,medium,Medium
287,https://sportslens.com/,Sports,3.7599940260364173,-0.5003738722393759,0.873,-0.21793764844195318,slow,Fast
288,https://www.transfermarkt.com/,Sports,-0.3935972691513072,2.4916286351102044,6.289,-0.30459761642336486,slow,Fast
289,https://nypost.com/baseball/,Sports,-0.4180701474862922,0.25280051705570805,0.52,0.48068693809809415,medium,Medium
290,https://d1baseball.com/,Sports,-0.4266809750486017,-0.1736429340022912,0.337,-0.12105492371941198,fast,Medium
291,https://www.baseballamerica.com/,Sports,-0.43393219825896756,-0.5681031262309405,1.172,-0.053002558630260335,slow,Fast
292,https://www.baseball-reference.com/,Sports,-0.42758737794989743,-0.5147976948486906,0.553,-0.14762018273377572,medium,Fast
293,http://www.badzine.net/,Sports,-0.42758737794989743,-0.5467809536780405,0.534,-0.00519701398661101,medium,Fast
294,https://www.badmintonengland.co.uk/,Sports,-0.42169575909147516,0.014493882640943813,1.287,-0.286099294701321,slow,Fast
295,https://www.badmintonireland.com/,Sports,-0.39087806044741996,-0.010591026244820872,0.211,-0.26656776918814257,fast,Fast
296,http://everything-badminton.com/,Sports,-0.42622777359795383,-0.0043197990233797,2.567,-0.18973317187434713,slow,Fast
297,https://shuttlesmash.com/,Sports,-0.4343853997096155,1.2938242358149414,0.443,-0.09439031818666992,fast,Medium
298,https://tennisforfree.com/,Sports,-0.3899716575461243,2.0150153662806756,0.153,-0.3013986585315828,fast,Fast
299,https://www.wtatennis.com/,Sports,3.0847238645710915,-0.968834545681031,1.052,-0.21432143517298222,slow,Medium
300,https://www.tennis.com/,Sports,0.7031502414165371,1.3941638713580002,1.577,-0.313359979344333,slow,Fast
301,https://secondlife.com/,Sports,-0.43166619100572823,0.6353453775636191,-0.198,0.3725581874951267,fast,Medium
302,https://www.paltalk.com/,Sports,-0.43211939245637615,0.39703874314885484,6.734,-0.2544474939459871,slow,Fast
303,https://secure.imvu.com/welcome/ftux/,Sports,-0.4402770185680378,-1.1205982444399072,0.204,0.2267671717749368,fast,Medium
304,https://enterchatroom.com/,Sports,-0.4402770185680378,-1.1205982444399072,0.7,-0.27062110713797816,medium,Fast
305,https://www.antichat.me/,Social Networking and Messaging,-0.42894698230184103,-0.5561877945102023,0.615,-0.28447001179991654,medium,Slow
306,https://chatroulette.com/,Social Networking and Messaging,-0.422148960542123,0.1587321087340906,2.842,-0.007680676946069101,slow,Medium
307,https://rockchat.net/,Social Networking and Messaging,2.925196953943042,-0.5662217580645081,1.568,-0.3005045398661779,slow,Slow
308,https://www.elitesingles.com/,Social Networking and Messaging,0.9433470102599081,-0.533611376513014,0.302,-0.14308998149572416,slow,Fast
309,https://www.charmdate.com/,Social Networking and Messaging,3.8615111509815407,-0.23008397899526173,0.451,-0.23781688676945573,slow,Medium
310,https://www.321chat.com/,Social Networking and Messaging,-0.4253213706966581,-0.9105121325216282,2.287,-0.3129327893153062,slow,Medium
311,https://chat.icq.com/icqchat/,Social Networking and Messaging,3.8025949623973174,0.41585242481317847,0.467,0.6960801245941375,slow,Medium
312,https://www.tendermeets.com/couple/chat-rooms.html,Social Networking and Messaging,-0.42577457214730596,-0.13601557067364414,0.295,-0.10476209470536693,fast,Medium
313,https://www.mocospace.com/,Social Networking and Messaging,-0.432572593907024,0.4973783786919136,0.453,-0.2340019804637281,fast,Medium
314,https://tinychat.com/,Social Networking and Messaging,1.777690880902636,-0.8101724969785695,0.385,-0.3152972364527103,slow,Medium
315,https://www.justchat.co.uk/,Social Networking and Messaging,-0.4312129895550804,-0.2677113423239086,0.114,-0.1971245528416944,fast,Slow
316,https://p.badoo.com/l/2f23922d23e23c25722521422122120b21,Social Networking and Messaging,1.4105977058778616,0.5977180142349723,1.5,-0.31470115734244036,slow,Slow
317,https://www.elitemate.com/,Social Networking and Messaging,3.217965091061566,-0.78132485175994,1.392,-0.18790519593618596,slow,Medium
318,https://date.com/,Social Networking and Messaging,-0.4298533852031368,-0.6972904069926285,1.358,-0.1932301693212641,slow,Medium
319,https://www.flirt.com/,Social Networking and Messaging,1.7971785432804943,-0.0921169801235561,0.399,-0.019979775921305558,slow,Medium
320,https://www.chatib.us/,Social Networking and Messaging,3.471304701973725,0.37822506148453144,0.272,-0.14676580267572215,slow,Medium
321,https://www.wireclub.com/,Social Networking and Messaging,-0.43529180261091127,-0.5141705721265465,0.233,-0.2296704722624332,fast,Medium
322,https://www.match.com/,Social Networking and Messaging,-0.0881394914146431,1.0994161919502654,0.713,-0.16976452168030404,medium,Medium
323,https://www.facebook.com/,Social Networking and Messaging,-0.43347899680831975,-0.7926130607585343,1.709,-0.2676208422829528,slow,Fast
324,https://www.youtube.com/,Social Networking and Messaging,0.5318400930716425,-0.8114267424228576,1.545,-0.31349906447006265,slow,Fast
325,https://www.whatsapp.com/,Social Networking and Messaging,0.8848840231263327,-0.8540710875286576,0.41,-0.2607063246038215,slow,Fast
326,https://messenger.com/,Social Networking and Messaging,3.3385166769338985,-0.6126288395031727,0.914,-0.31525749784535895,slow,Fast
327,https://www.instagram.com/,Social Networking and Messaging,1.0004503930415396,-0.8440371239743517,4.169,-0.2815293548559181,slow,Fast
328,https://www.tumblr.com/,Social Networking and Messaging,-0.42305536344341876,0.08347738207679656,0.478,-0.20308534394439381,fast,Slow
329,https://www.linkedin.com/,Social Networking and Messaging,-0.42894698230184103,-0.6370866256667932,3.038,-0.15346175801442116,slow,Fast
330,https://www.snapchat.com/,Social Networking and Messaging,-0.42894698230184103,-0.6477477119432433,4.132,-0.29332178658742514,slow,Fast
331,https://www.pinterest.com/,Social Networking and Messaging,-0.4294001837524889,-0.5254587811251406,2.95,-0.3152276938898455,slow,Fast
332,https://line.me/en/,Social Networking and Messaging,3.960762268673424,-0.8145623560335783,0.548,-0.10966981271325611,slow,Fast
333,https://telegram.org/,Social Networking and Messaging,1.7020062386444417,-0.6590359209418374,1.891,-0.27346241756359824,slow,Slow
334,https://www.321chat.com/,Social Networking and Messaging,-0.43393219825896756,-0.7324092794326991,0.983,-0.30146820109444766,medium,Slow
335,https://www.chat-avenue.com/,Social Networking and Messaging,-0.36912439081632226,-0.7349177703212755,1.493,-0.28586086305721303,slow,Slow
336,https://www.wireclub.com/,Social Networking and Messaging,-0.42441496779536236,1.9397606396233817,0.661,-0.21089398028893003,medium,Slow
337,http://www.paltalk.com/,Social Networking and Messaging,-0.4298533852031368,-0.9682074229588868,0.535,-0.2389693063826443,medium,Fast
338,https://ukchat.com/,Social Networking and Messaging,1.778144082353284,-0.8264776877543165,0.555,-0.28647681147115867,slow,Fast
339,https://www.kidschat.net/,Social Networking and Messaging,0.5363721075781211,-0.9826312455682016,0.666,-0.21396378770682023,slow,Medium
340,https://www.teen-chat.org/,Social Networking and Messaging,0.8817116129717977,-0.8139352333114341,0.161,1.0795676201863047,slow,Slow
341,https://www.tinychat.com/,Social Networking and Messaging,-0.42260216199277084,-0.1485580251165265,0.097,2.1091850020074125,fast,Slow
342,https://y99.in/,Social Networking and Messaging,-0.43483860116026335,2.9682419039397328,0.64,-0.1184818488934134,medium,Fast
343,https://chat.tripsit.me/,Social Networking and Messaging,-0.43483860116026335,0.22144438094850233,0.916,0.030945249399423114,medium,Medium
344,https://www.omegle.com/,Social Networking and Messaging,-0.03284891443560299,-1.0346824315061631,0.682,-0.01573767958655116,medium,Slow
345,https://allotalk.com/,Social Networking and Messaging,-0.4312129895550804,-0.28025379676679096,1.202,-0.21397372235865805,slow,Medium
346,http://www.rphaven.com/,Social Networking and Messaging,1.9218089422086586,-0.839647264919343,0.421,-0.07140153383392585,slow,Slow
347,https://www.buzzen.com/,Social Networking and Messaging,3.0375909137037134,-0.7073243705469343,0.299,-0.1544850271537179,slow,Slow
348,https://www.chat27.co.za/,Social Networking and Messaging,-0.43393219825896756,-1.0478520086711895,3.077,-0.23001818507675734,slow,Medium
349,http://b-gay.com/chat/,Social Networking and Messaging,0.672332542772482,-0.9349699186852487,1.097,-0.2066518839541756,slow,Medium
350,https://www.gaychat.zone/,Social Networking and Messaging,-0.43529180261091127,-0.36805097786696733,0.604,-0.23589949896475407,medium,Slow
351,https://www.buzz50.com/,Social Networking and Messaging,-0.42577457214730596,0.3280552437130021,3.807,-0.28156909346326947,slow,Slow
352,https://seniorchatters.co.uk/,Social Networking and Messaging,-0.4357450040615591,0.4785646970275899,0.392,0.1067863815294354,fast,Slow
353,https://www.chatogo.com/,Social Networking and Messaging,-0.43393219825896756,-0.3429660689812027,1.734,-0.24448303815264125,slow,Medium
354,http://www.healthfulchat.org/all-chat-rooms.html,Social Networking and Messaging,0.8164506040785046,0.4848359242490312,1.972,-0.28174791719635045,slow,Slow
355,http://www.chathour.com/,Social Networking and Messaging,3.1622213126318774,-0.3617797506455262,2.227,-0.2968187840343421,slow,Fast
356,https://www.spinchat.com/,Social Networking and Messaging,-0.28709492824905786,2.328576727352734,0.843,-0.19830677641039643,medium,Fast
357,https://xat.com/,Social Networking and Messaging,-0.3405726994255065,-1.0415807814497484,0.892,-0.26220645703133416,medium,Medium
358,https://www.chatblink.com/chat-list,Social Networking and Messaging,2.9709703004584767,1.187213373050442,0.734,-0.2526294526596638,slow,Slow
359,https://en.lycos.social/,Social Networking and Messaging,1.9893359583551913,-0.8107996197007136,0.826,-0.2407178051061028,slow,Medium
360,http://www.icq-chat.com/,Social Networking and Messaging,0.2567468125283857,-1.0095975226203986,0.261,-0.11512393657222607,slow,Slow
361,https://secondlife.com/,Social Networking and Messaging,-0.43529180261091127,-0.9305800596302399,3.941,-0.28861276161629257,slow,Slow
362,http://christianchat.com/,Social Networking and Messaging,-0.43483860116026335,-0.06703207123779141,0.402,-0.054343736628367674,fast,Slow
363,http://www.vpchat.com/,Social Networking and Messaging,-0.4026612981642646,-1.1205982444399072,0.457,-0.21701372582103476,fast,Medium
364,http://chattusa.com/,Social Networking and Messaging,-0.41988295328888364,0.8799232391998246,3.756,-0.28921877537840035,slow,Fast
365,https://www.camamba.com/,Social Networking and Messaging,-0.42894698230184103,-0.5505436900109052,0.887,-0.2491622591682603,medium,Fast
366,http://www.blackchat.co.uk/blackchatold/hangout/,Social Networking and Messaging,-0.43483860116026335,-0.44957693174570246,0.439,-0.2768600684921369,fast,Fast
367,http://www.kidzworld.com/chat,Social Networking and Messaging,0.0813578511276601,-0.4370344773028201,2.767,-0.27770451389835266,slow,Medium
368,http://www.jesusrocksonirc.net/,Social Networking and Messaging,-0.4312129895550804,-0.36805097786696733,2.124,-0.29058975733202125,slow,Slow
369,https://www.chatpit.com/,Social Networking and Messaging,0.8821648144224457,-0.9023595371337546,0.272,0.6166525831506678,slow,Medium
370,https://www.chatfamily.com/,Social Networking and Messaging,-0.43211939245637615,0.7043288769994721,0.553,-0.07974664137770504,medium,Medium
371,https://www.diigo.com/,Social Networking and Messaging,-0.4312129895550804,-0.4809330678529083,2.743,-0.26459077347241394,slow,Fast
372,https://twitpic.com/,Social Networking and Messaging,-0.4357450040615591,-1.1205982444399072,0.561,-0.21779856331622355,medium,Medium
373,https://hi5.com/,Social Networking and Messaging,-0.43483860116026335,-0.28025379676679096,0.052,-0.0004283811044514657,fast,Medium
374,http://xanga.com/,Social Networking and Messaging,0.9700858958481323,-0.12974434345220298,1.545,-0.24744356440031529,slow,Medium
375,https://www.care2.com/,Social Networking and Messaging,1.4491198291829304,-0.029404707909144383,0.036,-0.291314986916183,slow,Medium
376,http://www.orkut.com/,Social Networking and Messaging,-0.3727500024215052,-1.0792081447783954,1.157,-0.2307732186164326,slow,Medium
377,https://getsatisfaction.com/,Social Networking and Messaging,2.6437588530907146,-0.46839061341002597,0.422,0.09101015441095761,slow,Slow
378,https://www.digitalcameraworld.com,Social Networking and Messaging,0.04782094377971779,-0.7524772065413108,0.424,-0.24110525652777823,medium,Fast
379,https://www.cambridgeincolour.com,Social Networking and Messaging,-0.41353813297981346,0.16500333595553165,0.67,-0.26572332378192687,medium,Medium
380,https://photographylife.com,Social Networking and Messaging,0.2576532154296814,-0.9751057729024721,0.329,0.17557391085458668,slow,Medium
381,https://fstoppers.com,Social Networking and Messaging,-0.43347899680831975,-0.8691220328601165,1.682,-0.25427860486474396,slow,Slow
382,https://camerajabber.com,Photography,-0.36821798791502647,-0.38686465953129084,1.156,-0.28279105563932283,slow,Medium
383,https://www.diyphotography.net,Photography,-0.43483860116026335,-0.44330570452426127,0.496,-0.07281225439489804,fast,Slow
384,https://iphonephotographyschool.com,Photography,0.9718987016507239,-0.9920380864003633,0.367,-0.1627208535272809,slow,medium
385,https://www.dpreview.com,Photography,-0.40447410396685607,-0.3304236145383203,0.808,-0.30414062243882456,medium,medium
386,https://www.thesprucecrafts.com/photography-4162939,Photography,-0.43347899680831975,-0.2990674784311145,3.67,-0.30459761642336486,slow,medium
387,https://500px.com,Photography,-0.42260216199277084,-0.40567834119561436,0.38,0.11981071008883364,fast,medium
388,https://www.thephotoargus.com,Photography,-0.3519027356917032,-0.24262643343814405,1.736,-0.17809969457224542,slow,medium
389,https://levonbiss.com,Photography,-0.4294001837524889,-0.0043197990233797,0.754,0.6563514518946459,medium,medium
390,https://www.petermckinnon.com,Photography,-0.43483860116026335,-0.7844604653706607,0.276,-0.07457068777019438,fast,medium
391,https://www.mpkelley.com,Photography,-0.4076465141213912,0.22771560816994335,0.59,-0.1808019198721358,medium,medium
392,https://blazinphoto.com,Photography,-0.4280405794005453,-0.4621193861885848,0.262,-0.10955059689120213,fast,medium
393,http://www.harisnukem.com,Photography,-0.3954100749538987,-0.2677113423239086,0.959,-0.2581431844296608,medium,medium
394,https://www.lieben.no,Photography,-0.39087806044741996,0.4785646970275899,0.257,0.2794506304709618,fast,medium
395,https://www.branditoolephoto.com,Photography,-0.42260216199277084,-0.5411368491787435,0.278,0.9724025308116069,fast,medium
396,http://www.sanzlena.com,Photography,2.9958963802441096,-0.46839061341002597,0.584,-0.14528553955188514,slow,medium
397,https://www.kaylafisherphotography.com,Photography,-0.43211939245637615,-0.3994071139741732,3.671,-0.3152972364527103,slow,medium
398,https://www.mathieustern.com,Photography,-0.4402770185680378,-1.1205982444399072,1.102,-0.2426649968663179,slow,medium
399,https://cassandraladru.com,Photography,-0.4298533852031368,-0.41822079563849657,0.996,-0.2562059273212834,medium,medium
400,https://www.danielkennedy.com,Photography,-0.43483860116026335,0.7858548308782072,4.309,-0.31450246430568374,slow,medium
401,https://daniloandsharon.com,Photography,2.014715239591472,0.12737597262688474,1.971,-0.18397107380840433,slow,medium
402,https://www.adambirdphotography.com,Photography,-0.43030658665378463,-0.3805934323098497,0.041,14.812475287266087,fast,slow
403,https://www.moyo-studio.com,Photography,-0.43211939245637615,0.19008824484129633,0.438,-0.13768553089594338,fast,Slow
404,https://alexisjuliaphoto.com,Photography,-0.21911471065187743,0.45975101536326657,0.184,1.4130838170341748,fast,Fast
405,https://www.davemorrowphotography.com/photography-fundamentals,Photography,-0.21820830775058167,1.3628077352507946,0.63,-0.3145819415203864,medium,Slow
406,https://www.dodho.com,Photography,-0.422148960542123,0.9865341019643243,5.174,0.17212658666685882,slow,Medium
407,https://thefashioncamera.com,Photography,-0.41716374458499644,0.2966991076057961,2.027,-0.21159934056941615,slow,Slow
408,https://www.featureshoot.com,Photography,-0.4235085648940666,-0.6791038480504492,2.654,-0.28751994991413105,slow,Slow
409,http://intothenightphoto.blogspot.com,Photography,1.46407547705431,-0.20499907010949703,1.731,0.2716221248227499,slow,Slow
410,https://www.fionakellyphotography.com/blog/,Photography,-0.4312129895550804,-0.22381275177382054,0.564,-0.24359885413907414,medium,Fast
411,https://www.behindtheshutter.com,Photography,-0.43347899680831975,3.2379046744617033,6.716,-0.20991044975698464,slow,Fast
412,https://petapixel.com,Photography,-0.38906525464482855,1.0680600558430597,0.636,-0.21863307407060142,medium,Fast
413,https://www.lightstalking.com,Photography,-0.41988295328888364,-0.0921169801235561,1.201,-0.2545567751162033,slow,Fast
414,https://www.photo.net,Photography,-0.4280405794005453,-0.7449517338755813,3.222,-0.27509170046500275,slow,Fast
415,https://www.picturecorrect.com,Photography,-0.40311449961491247,0.58517555979209,2.999,-0.28380439012678177,slow,Medium
416,https://www.slrlounge.com,Photography,-0.4294001837524889,-0.2990674784311145,1.627,-0.1298073519885423,slow,Medium
417,https://www.popphoto.com,Photography,-0.41988295328888364,-0.5963236487274257,0.242,-0.3073892535897958,fast,Medium
418,https://photography.tutsplus.com,Photography,-0.3478239226358724,1.0994161919502654,0.247,3.0220205514748013,fast,Medium
419,https://www.creativelive.com/photography?via=hero-freeform_1,Photography,-0.31881902979440874,-0.7769349927049313,1.519,-0.2723696058614367,slow,Fast
420,https://www.whatsthebest.co.uk/tech/photography/,Photography,-0.4026612981642646,0.6917864225565897,0.922,-0.1466366522018303,medium,Fast
421,https://tomhull.co.uk,Photography,-0.4312129895550804,-0.43076325008137895,0.37,2.155987146815441,fast,Fast
422,https://www.linnimages.com,Photography,-0.43030658665378463,0.7168713314423544,0.771,-0.2782409850975956,medium,Slow
423,https://www.amitmehra.com,Photography,-0.40175489526296887,0.6353453775636191,3.296,-0.2794132740144598,slow,Slow
424,https://www.jillgreenberg.com,Photography,-0.42713417649924956,-0.3304236145383203,2.215,-0.27297561962354444,slow,Slow
425,https://www.jonathanglynnsmith.com,Photography,-0.4189765503875879,0.40330997037029614,0.559,-0.1463187433430197,medium,Fast
426,https://www.nateluebbe.com,Photography,-0.4239617663447145,-0.4809330678529083,0.515,-0.2510498430174484,medium,Medium
427,http://www.brentstirton.com,Photography,-0.38770565029288495,-0.24262643343814405,1.202,-0.2514969023501509,slow,Medium
428,http://www.dollyave.com,Photography,-0.43075978810443255,-0.1046594345664383,0.542,-0.1611114399295521,medium,Medium
429,https://east.co,Photography,0.18151537172083926,-0.3743222050884085,0.613,-0.21145032079184864,slow,Medium
430,https://www.360cities.net/,Photography,-0.4235085648940666,-0.25516888788102643,0.203,-0.2291240664113524,fast,Medium
431,https://www.bbc.com/news/in_pictures,Photography,-0.4298533852031368,-0.4621193861885848,0.27,-0.05984753374652682,fast,Medium
432,https://www.blipfoto.com/,Photography,-0.42622777359795383,-0.21127029733093822,0.204,-0.017853760428009447,fast,Fast
433,https://c4fap.org/,Photography,2.2621632316452085,-0.4370344773028201,0.226,-0.06695080981057697,slow,Fast
434,https://www.deviantart.com/,Photography,-0.4071933126707433,0.8360246486497366,0.317,-0.28998374356991347,fast,Fast
435,https://www.coolphotoideas.com/,Photography,-0.42894698230184103,-0.15482925233796768,0.449,-0.28688413219650977,fast,Fast
436,https://www.digitalphotopro.com/technique/,Photography,-0.4280405794005453,-0.21127029733093822,0.611,0.1805014981661515,medium,Fast
437,https://www.dpreview.com/,Photography,-0.42124255764082724,-0.11720188900932065,0.253,-0.3132606328259547,fast,Fast
438,https://digital-photography-school.com/,Social Networking and Messaging,-0.43030658665378463,0.6667015136708251,1.088,-0.2836851743047277,slow,slow
439,http://www.ephotozine.com/,Photography,-0.4298533852031368,-0.2990674784311145,0.35,-0.20117789079152998,fast,slow
440,https://filemagazine.com/,Photography,-0.4357450040615591,-1.1205982444399072,0.163,-0.04599862908458851,fast,slow
441,https://www.ippawards.com/,Photography,-0.4294001837524889,0.39703874314885484,0.194,-0.3083131762107142,fast,slow
442,https://morguefile.com/,Photography,-0.43347899680831975,-0.2865250239882321,1.688,0.13285490795190752,slow,slow
443,https://www.capture-life.de/,Photography,-0.4312129895550804,-0.2363552062167029,1.132,-0.16409183548090178,slow,medium
444,https://www.morganleephotographer.com/,Photography,-0.41081892427592626,-0.8440371239743517,0.244,0.10930978309624477,fast,medium
445,https://www.bulbcreative.co/,Photography,-0.4062869097694476,0.45975101536326657,0.702,-0.11113020653341747,medium,medium
446,https://josephhardin.com/,Photography,-0.43393219825896756,0.2716141987200317,0.614,0.28053350752128553,medium,medium
447,https://rmweddingfilms.co.uk/,Photography,-0.42260216199277084,0.22144438094850233,2.545,-0.3081244178257953,slow,medium
448,https://mlphotofilm.com/,Photography,-0.4357450040615591,-1.1205982444399072,1.993,-0.19453160871202013,slow,medium
449,https://www.velare.co/,Photography,-0.43166619100572823,-0.11093066178787947,0.825,-0.2058769811108247,medium,medium
450,https://www.roseyredphotography.com/,Photography,-0.38770565029288495,0.5977180142349723,0.979,-0.24493009748534372,medium,medium
451,https://www.outdoorphotographer.com/,Photography,-0.42441496779536236,0.3155127892701198,0.463,0.23657267313887734,fast,medium
452,https://www.naturephotographers.network/,Photography,-0.4139913344304614,-0.21754152455237938,1.397,-0.21019855466028176,slow,Fast
453,http://www.pawspetphotography.co.uk/galleries/,Photography,-0.43483860116026335,-0.4809330678529083,1.987,-0.3048956559784998,slow,Slow
454,https://www.photo.net/,Photography,-0.38000122563187116,0.7795836036567658,0.39,-0.13924527123448305,fast,Medium
455,https://psa-photo.org/,Photography,-0.4357450040615591,-1.1205982444399072,2.961,-0.2359988454831324,slow,Fast
456,https://www.photographytalk.com/2,Photography,-0.4167105431343486,0.10229106374112007,0.169,0.9294450962648197,fast,Fast
457,http://markhancock.blogspot.com/,Photography,-0.43166619100572823,1.0492463741787361,0.4,-0.019681736366170578,fast,Fast
458,http://www.photopreneur.com/,Photography,-0.4298533852031368,0.3656826070416491,1.769,-0.2884240032313738,slow,Slow
459,http://pimpyourcam.com/,Photography,-0.4298533852031368,0.3656826070416491,5.722,-0.3098331779419025,slow,Slow
460,https://www.pixyblog.com/,Photography,-0.40220809671361674,0.9802628747428833,0.12,0.16758645077696943,fast,Slow
461,https://rps.org/,Photography,-0.40220809671361674,0.9802628747428833,0.843,-0.30608781419903974,medium,Slow
462,https://www.jillgreenberg.com/,Photography,-0.2689668702231431,-0.44330570452426127,0.612,-0.23184616101491848,medium,Slow
463,https://strobist.blogspot.com/,Photography,1.516646845329463,-0.8377658967529106,0.275,-0.28941746841515703,slow,Slow
464,https://theonlinephotographer.typepad.com/the_online_photographer/,Photography,0.3143033967606651,2.5668833617674984,0.369,-0.25460644837539237,slow,Medium
465,https://www.jonathanglynnsmith.com/,Photography,-0.27576489198286114,-0.1485580251165265,0.182,0.0230472011883464,fast,Medium
466,http://www.weatherscapes.com/,Photography,-0.43075978810443255,-0.3304236145383203,0.212,0.5275486908171494,fast,Fast
467,http://www.weatherscapes.com/,Photography,2.755699611400739,-0.4947297677400789,3.697,-0.30345513146201414,slow,Fast
468,https://www.jasonbellphoto.com/#/home/,Photography,-0.0822478725562208,-1.064784322169081,0.203,0.09570924473025227,medium,Fast
469,https://www.danielkennedy.com/,Photography,0.15976170208974158,-0.8164437242000105,0.228,-0.3148005038608187,slow,Fast
470,https://news.google.com/,Photography,0.3455742968553681,-0.6477477119432433,1.087,-0.30590899046595876,slow,Fast
471,https://news.yahoo.com/,Photography,0.3451210954047203,-0.89859680080089,0.265,0.03775048590833831,slow,Fast
472,https://edition.cnn.com/,Photography,2.2340647417050405,-0.5612047762873552,0.652,-0.30379290962450045,slow,Fast
473,https://www.bbc.com/news,Photography,-0.21956791210252527,0.5412769692420016,0.41,-0.2736412412966792,fast,Fast
474,https://www.nytimes.com/,News,1.284607702597754,-0.818325092366443,0.209,-0.29765329478872005,slow,Fast
475,https://www.theguardian.com/international,News,-0.4266809750486017,-0.3617797506455262,0.431,-0.2044165872906633,fast,Fast
476,https://www.washingtonpost.com/,News,-0.41988295328888364,-0.3116099328739968,0.838,-0.27276699193494996,medium,slow
477,https://www.indiatimes.com/,News,-0.4343853997096155,-0.22381275177382054,0.145,-0.27986033334716226,fast,slow
478,https://www.foxnews.com/,News,-0.42758737794989743,-0.3617797506455262,0.195,-0.2939576043050464,fast,slow
479,https://www.usatoday.com/,News,-0.4253213706966581,0.25907174427714935,0.131,-0.24181061680826435,fast,slow
480,https://www.wsj.com/,News,-0.42894698230184103,-0.506645099460817,0.314,-0.2768600684921369,fast,slow
481,https://www.nbcnews.com/,News,-0.4284937808511932,0.1148335181840024,0.21,-0.28350635057164675,fast,slow
482,http://timesofindia.indiatimes.com/,News,-0.42169575909147516,1.3000954630363826,0.646,-0.2611136453291726,medium,slow
483,https://abcnews.go.com/,News,-0.2268191353128912,-1.0835980038334043,1.764,-0.29802087690671986,slow,slow
484,https://sputniknews.com/,News,0.41808652895902726,-0.9606819502931574,0.527,-0.2677400581050068,slow,slow
485,https://www.abc.net.au/news/,News,-0.42441496779536236,-0.3492372962026438,0.051,-0.31349906447006265,fast,Fast
486,https://www.independent.co.uk/,News,-0.4239617663447145,1.0304326925144127,0.38,-0.06379159052614626,fast,Fast
487,https://www.cbc.ca/news/,News,-0.39042485899677215,-0.5323571310687258,1.175,-0.24951990663442228,slow,Fast
488,https://www.thesun.co.uk/news/,News,-0.42260216199277084,0.06466370041247305,0.421,-0.29526897834764027,fast,Fast
489,https://time.com/,News,-0.40311449961491247,0.28415665316291405,0.137,-0.15321339171847534,fast,Fast
490,https://www.latimes.com/,News,-0.39042485899677215,-0.5323571310687258,0.334,-0.29486165762228916,fast,Fast
491,https://www.mirror.co.uk/https://news.sky.com/,News,-0.42260216199277084,0.06466370041247305,0.87,-0.30687265169422845,medium,Fast
492,https://www.vox.com/,News,-0.4357450040615591,-0.4934755222957906,0.29,-0.2639052824956035,fast,medium
493,https://www.smh.com.au/,News,-0.4085529170226869,0.14618965429120825,0.159,-0.16656556378852203,fast,medium
494,https://www.scmp.com/,News,-0.41716374458499644,-0.5122892039601141,0.361,-0.3030676800403387,fast,medium
495,https://www.ctvnews.ca/,News,-0.4239617663447145,0.5224632875776782,0.379,-0.2776945792465148,fast,medium
496,https://www.france24.com/en/,News,-0.4144445358811092,1.9836592301734701,0.125,0.9664020011015562,fast,slow
497,https://news24online.com/,News,-0.4158041402330528,1.0743312830645007,0.265,-0.3152972364527103,fast,fast
498,https://globalnews.ca/,News,-0.42260216199277084,-0.6345781347782168,3.296,-0.2794728819254868,slow,Fast
499,https://www.channelnewsasia.com/,News,-0.3818140314344626,0.3280552437130021,0.718,-0.27950268588100036,medium,Fast
500,https://www.dkoding.in/,News,-0.43030658665378463,-0.7838333426485165,1.431,-0.2893479258522922,slow,Fast
501,https://www.thestar.com/,News,-0.4158041402330528,1.0743312830645007,0.302,-0.3101709561043888,fast,Slow
502,https://www.washingtontimes.com/,News,-0.42260216199277084,-0.6345781347782168,0.282,-0.2648888130275489,fast,Slow
503,https://www.todayonline.com/,News,-0.39948888800972954,1.3816214169151182,0.83,-0.10238771291612499,medium,Slow
504,https://www.telegraphindia.com/,News,-0.42305536344341876,-0.035675935130585555,0.264,-0.2982791778545035,fast,Slow
505,https://www.newsnow.co.uk/h/World+News,News,-0.4189765503875879,1.0241614652929714,1.129,-0.07448127590365387,slow,Slow
506,https://www.csmonitor.com/,News,-0.43529180261091127,-0.17991416122373236,0.18,-0.29797120364753066,fast,Slow
507,https://www.easternherald.com/,News,-0.43075978810443255,0.6729727408922661,1.354,-0.3102106947117401,slow,Fast
508,https://world.wng.org/,News,3.4445658163855004,-0.6276797848346316,0.431,-0.3138467772843868,slow,Fast
509,https://newsblaze.com/,News,-0.42622777359795383,0.6416166047850603,0.275,-0.29205015115218264,fast,Fast
510,https://www.neweurope.eu/,News,-0.12076999586128973,-1.0534961131704867,0.389,-0.2877881855137525,medium,Medium
511,https://www.watchdoguganda.com/,News,-0.43529180261091127,-0.19872784288805587,0.049,10.571898954242856,fast,Medium
512,https://headlinecode.com/,News,-0.4040209025162082,0.9739916475214421,0.257,-0.31409514358033264,fast,Medium
513,https://warritatafo.com/,News,0.5585789786598668,-0.807036883367849,1.181,-0.3128334427969279,slow,Medium
514,https://www.newsrust.com/,News,-0.4357450040615591,-1.1205982444399072,0.199,-0.10700732602071704,fast,Medium
515,https://globalpressjournal.com/,News,0.6052587280765973,-0.8289861786428929,0.366,-0.23115073538627023,slow,Medium
516,https://newslanes.com/,News,-0.12076999586128973,-1.0534961131704867,0.377,-0.2539010880949063,medium,Fast
517,https://www.thenexthint.com/,News,-0.43529180261091127,-0.19872784288805587,0.317,0.011781306004244527,fast,Fast
518,https://digitalive.world/,News,-0.3709371966189138,-1.0597673403919279,0.289,-0.18645473676786242,fast,Fast
519,https://www.newyorker.com/,News,-0.432572593907024,2.410102681231469,0.323,-0.10048025976326118,fast,Fast
520,https://www.bbc.com/,News,1.2651200402198954,-0.716104088656952,0.381,-0.1495177012348017,slow,Fast
521,https://newszetu.com/,News,-0.4357450040615591,-1.1205982444399072,0.454,-0.18191460087797304,fast,Fast
522,https://weeklyworldnews.com/,News,0.7788348836747314,-1.0754454084455307,0.114,-0.309922589808443,slow,Fast
523,https://newsblenda.com/,News,-0.33785349072161924,0.5977180142349723,0.922,-0.2726875147202473,medium,medium
524,https://www.chron.com/,News,-0.4330257953576719,-0.1924566156666147,0.537,-0.26932960239906,medium,medium
525,https://www.news.com.au/,News,-0.43075978810443255,-0.355508523424085,1.413,-0.21341738185573944,slow,medium
526,https://www.nzherald.co.nz/,News,-0.43393219825896756,2.6985791334177627,0.599,-0.24828800980653104,medium,Fast
527,https://www.scmp.com/,News,-0.43075978810443255,-0.355508523424085,0.515,-0.31319109026308983,medium,Fast
528,https://abcnews.go.com/,News,-0.43393219825896756,2.6985791334177627,0.254,-0.2516558567795562,fast,Fast
529,https://www.theguardian.com/,News,-0.43211939245637615,-0.738053383931996,0.331,-0.24513872517393817,fast,Fast
530,http://www.bbc.com/,News,3.7912649261311206,-0.8716305237486929,0.642,-0.20395959330612307,slow,medium
531,https://www.huffpost.com/,News,-0.43030658665378463,0.9677204203000009,0.205,-0.22358053068584197,fast,medium
532,https://www.bloomberg.com/,News,2.4266753582303853,-0.6734597435511521,0.207,-0.2672035869057639,slow,slow
533,https://www.thedailybeast.com/,News,-0.42577457214730596,1.8017936407516761,0.945,-0.22557739570524626,medium,medium
534,https://publictv.in/,News,-0.4176169460356443,-0.36805097786696733,0.415,-0.14612005030626304,fast,medium
535,http://www.neduwealth.com/,News,-0.43030658665378463,0.10856229096256124,0.583,-0.27675078732192077,medium,medium
536,https://yerozo.com/,News,-0.42622777359795383,-0.24889766065958524,0.166,-0.11632602944460378,fast,slow
537,https://zemocity.com/,News,-0.422148960542123,-0.5881710533395522,1.124,-0.3033259809881223,slow,medium
538,https://newsobservatory.com/,News,-0.4176169460356443,0.2966991076057961,0.305,1.534077941767135,fast,medium
539,https://lionnetnews.com/,News,-0.4284937808511932,-0.36805097786696733,0.421,-0.022682001221195933,fast,medium
540,https://richardsnewsonline.com/,News,-0.43166619100572823,-0.06703207123779141,0.132,-0.2887419120901844,fast,medium
541,https://balticword.eu/,News,-0.42441496779536236,-0.3805934323098497,0.07,-0.31125383315471256,fast,medium
542,https://www.thelifecart.com/,News,3.507107616574906,-0.6057304895595875,0.408,-0.22022261836465462,slow,slow
543,https://rightnowtimes.com/,News,-0.4099125213746305,1.839421004080323,0.262,-0.07767029914359808,fast,medium
544,https://amnews247.com/,News,-0.359607160352717,0.9677204203000009,0.064,0.73860043446006,fast,medium
545,https://thedetrend.com/,Photography,-0.2744052876309175,-0.5963236487274257,0.225,0.031084334525152812,fast,medium
546,https://breakingnewscentral.com/,News,-0.4357450040615591,-1.1205982444399072,0.975,-0.22895517733010928,medium,Medium
547,https://timespek.com/,News,-0.4357450040615591,-1.1205982444399072,1.759,-0.30606794489536404,slow,Medium
548,https://www.igorbnews.com/,News,0.18876659493120526,-0.4809330678529083,0.773,-0.013810357130011627,slow,Slow
549,https://globalvisionuk.com/,News,-0.4357450040615591,-1.1205982444399072,0.167,-0.20566835342223022,fast,Slow
550,http://theweeklytide.com/,News,0.5590321801105147,3.5263811266479967,0.556,-0.16262150700890257,slow,Medium
551,http://www.justworldnews.com/,News,3.008132819411602,-0.5442724627894641,0.706,-0.26631940289219674,slow,Medium
552,https://www.avjnews.com/,News,-0.4357450040615591,-1.1205982444399072,0.744,-0.20360194583996108,medium,Fast
553,https://dainikviral.com/,News,-0.4357450040615591,-1.1205982444399072,1.619,-0.11979322293600729,slow,Fast
554,https://awkwardvibes.com/,News,0.2055350486051764,-0.09838820734499727,0.341,-0.0015112581547751683,slow,Medium
555,https://www.theworldwomennews.com/,News,-0.415350938782405,1.7767087318659116,0.622,-0.20003540583017929,medium,Medium
556,https://quicktrendnews.wordpress.com/,News,0.19873702684545835,-0.7568670655963197,0.571,0.16169520223713482,slow,Medium
557,https://thedailycanvas.com/,Travel,1.1926078081162363,-0.4934755222957906,0.137,5.790370893997816,slow,Medium
558,https://www.excite-news.site/,News,-0.39812928365778594,1.7014540052086176,1.284,-0.03890528767237622,slow,Medium
559,https://www.worldpresslive.com/,News,-0.4357450040615591,-1.1205982444399072,0.847,-0.18885892251261788,medium,Fast
560,https://reporterfox.com/,News,-0.4357450040615591,-1.1205982444399072,0.153,0.3543380360245421,fast,Medium
561,http://moef.gov.in,News,-0.4357450040615591,1.2436544180434121,1.038,0.11842979348337489,slow,Medium
562,http://goidirectory.nic.in/index.php,News,-0.4357450040615591,-1.1205982444399072,2.742,-0.040316008233348376,slow,Medium
563,https://pensionersportal.gov.in,News,1.760016024327369,1.2185695091576476,3.197,-0.24612225570588359,slow,Medium
564,https://www.mea.gov.in,News,1.2651200402198954,-0.8145623560335783,0.812,-0.18489499642932275,slow,Fast
565,https://www.finmin.nic.in,News,1.259681622812121,-0.6446120983325226,1.472,-0.25770605974879607,slow,Medium
566,http://socialjustice.nic.in,News,-0.43483860116026335,-0.2677113423239086,2.608,-0.1969357944567756,slow,medium
567,http://www.nmdfc.org,News,0.20598825005582425,-0.6207814348910463,0.128,-0.14274226868140005,slow,medium
568,https://mib.gov.in,News,-0.4357450040615591,-1.1205982444399072,2.27,0.02252066464094131,slow,medium
569,https://bombayhighcourt.nic.in,News,-0.42758737794989743,-0.07957452568067376,0.419,-0.1409242273950767,fast,medium
570,https://lawmin.gov.in,News,-0.4402770185680378,-1.1205982444399072,0.698,-0.22688876974784014,medium,medium
571,https://mumbaipolice.co.in,Law and Government,-0.33875989362291503,2.861631041175233,2.062,-0.025761743290923986,slow,Fast
572,http://narcoticsindia.nic.in,Law and Government,-0.43211939245637615,2.5480696801031746,0.559,-0.10299372667823277,medium,medium
573,https://www.upsc.gov.in,Law and Government,-0.3827204343357583,1.419248780243765,0.428,-0.04950556118334331,fast,medium
574,https://www.indianarmy.nic.in/home,Law and Government,-0.4239617663447145,0.12110474540544358,3.355,-0.2859701442274292,slow,medium
575,http://www.ncbc.nic.in/Home.aspx,Law and Government,-0.4357450040615591,-1.1205982444399072,0.342,-0.07053721912403443,fast,medium
576,http://ifs.nic.in,Law and Government,-0.4357450040615591,-1.1205982444399072,0.251,-0.1726654400169511,fast,medium
577,https://ips.gov.in,Law and Government,-0.3727500024215052,2.171796046816705,0.574,-0.09098273260629344,medium,medium
578,https://www.mha.gov.in,Law and Government,-0.4402770185680378,-1.1205982444399072,0.449,-0.16066438059684962,fast,Fast
579,https://www.nia.gov.in,Law and Government,-0.43393219825896756,1.5885719152226767,0.747,-0.1971344874935322,medium,medium
580,https://crpf.gov.in,Law and Government,-0.4298533852031368,2.1278974562666164,0.434,-0.10768288234568965,fast,medium
581,https://polisen.se/en/,Law and Government,1.8601735449205483,-0.21754152455237938,1.426,-0.26096462555160516,slow,Fast
582,https://www.rcmp-grc.gc.ca,Law and Government,-0.4158041402330528,0.9300930569713539,1.162,-0.18731905147775385,slow,medium
583,https://www.canada.ca/en/security-intelligence-service.html,Law and Government,-0.4402770185680378,-1.1205982444399072,0.271,0.15248577998346424,fast,Fast
584,https://www.fbi.gov,Law and Government,-0.4357450040615591,-1.1205982444399072,6.389,-0.31103527081428023,slow,medium
585,https://www.cia.gov/index.html,Law and Government,3.94671302370334,3.43858394554782,0.628,-0.25552043634447297,slow,Fast
586,https://www.interpol.int/en,Law and Government,-0.4284937808511932,3.087395221147115,1.459,-0.19542572737742506,slow,medium
587,http://government.ru/en/structure/,Law and Government,-0.4357450040615591,-1.1205982444399072,0.815,-0.2177886286643857,medium,medium
588,https://www.asis.gov.au,Law and Government,-0.38000122563187116,-0.3116099328739968,0.291,-0.2166262743993593,fast,medium
589,https://www.dea.gov,Law and Government,-0.4357450040615591,-1.1205982444399072,0.051,9.052185327957803,fast,Fast
590,https://www.ice.gov,Law and Government,-0.4402770185680378,-1.1205982444399072,2.984,-0.2682566600005741,slow,Fast
591,https://www.cbic.gov.in,Law and Government,1.6109127470642202,0.22144438094850233,0.712,0.0010220780638720388,slow,medium
592,https://www.prisonministryindia.org,Law and Government,-0.43529180261091127,-0.06703207123779141,0.226,6.723721499510328,fast,Fast
593,https://www.bjs.gov,Law and Government,-0.43166619100572823,-0.5285943947358612,0.159,5.075940276383776,fast,Fast
594,https://www.ncjrs.gov,Law and Government,-0.43211939245637615,-0.44330570452426127,1.005,-0.12187949982195208,slow,medium
595,https://www.justice.gov,Law and Government,-0.4330257953576719,-0.9456310049616986,1.7,-0.0472603298679932,slow,medium
596,https://doj.gov.in,Law and Government,-0.42713417649924956,-0.8402743876414871,3.607,-0.2744558827473815,slow,Medium
597,https://nij.ojp.gov,Law and Government,3.5157184441372156,0.08974860929823773,1.265,-0.2845296197109435,slow,Fast
598,https://www.indianembassyusa.gov.in,Law and Government,-0.4402770185680378,-1.1205982444399072,0.331,-0.19926050298682832,fast,Medium
599,https://www.gst.gov.in,Law and Government,-0.3519027356917032,-0.20499907010949703,0.763,-0.222924843664545,medium,Fast
600,https://www.incometaxindia.gov.in/Pages/default.aspx,Law and Government,-0.40220809671361674,-0.06076084401635024,0.314,-0.0025742659014232807,fast,Fast
601,https://in.usembassy.gov,Law and Government,-0.4402770185680378,-1.1205982444399072,5.52,-0.30584938255493177,slow,Fast
602,https://portal2.passportindia.gov.in/AppOnlineProject/welcomeLink,Law and Government,-0.3849864415889977,2.328576727352734,3.627,-0.30959474629779454,slow,Fast
603,https://www.dof.gov.ph,Law and Government,3.556959776146172,-0.17991416122373236,0.776,-0.27265771076473383,slow,Medium
604,https://www.gov.scot,Law and Government,-0.43347899680831975,-0.6502562028318197,0.361,-0.22228902594692374,fast,Fast
605,http://www.police-foundation.org.uk,Law and Government,-0.3718435995202095,1.0743312830645007,3.83,-0.20306547464071814,slow,Fast
606,https://bja.ojp.gov,Law and Government,-0.3913312618980679,3.8587561693843786,1.57,-0.18000714772510923,slow,Fast
607,https://www.ojp.gov,Law and Government,-0.432572593907024,-0.4934755222957906,0.731,-0.2894075337633192,medium,Fast
608,https://nicic.gov,Law and Government,-0.39314406770065935,1.7955224135302352,1.096,-0.0014615848955860516,slow,Fast
609,https://ovc.ojp.gov,Law and Government,3.262378833225057,-0.4621193861885848,1.162,-0.2530963812960419,slow,Fast
610,https://www.atf.gov,Law and Government,-0.4280405794005453,2.328576727352734,0.468,-0.1197038110694668,fast,Medium
611,https://www.policefoundationindia.org,Law and Government,-0.4071933126707433,1.3502652808079119,1.389,-0.28591053631640223,slow,Fast
612,https://cops.usdoj.gov,Law and Government,-0.43483860116026335,1.7014540052086176,1.173,-0.21750052376108855,slow,Fast
613,https://www.bop.gov,Law and Government,-0.3727500024215052,0.9112793753070306,0.716,-0.13832134861356465,medium,Fast
614,https://cabsec.gov.in/index.php,Law and Government,1.658952100832894,-0.9625633184595899,0.561,-0.23968460131496822,slow,Medium
615,http://ncdrc.nic.in,Law and Government,-0.43347899680831975,-0.6270526621124874,2.148,-0.1884118631799154,slow,Medium
616,https://www.legislation.gov.uk,Law and Government,-0.4235085648940666,-0.36805097786696733,2.746,-0.28233406165478253,slow,medium
617,https://www.indiacode.nic.in,Law and Government,-0.4298533852031368,-0.3429660689812027,0.948,-0.1660986351521439,medium,medium
618,https://legalaffairs.gov.in,Law and Government,-0.4294001837524889,1.8206073224159998,0.322,2.256843732273115,fast,medium
619,https://www.congress.gov,Law and Government,-0.41217852862786986,0.07093492763391421,4.875,0.02452746431218343,slow,medium
620,https://leginfo.legislature.ca.gov,Law and Government,-0.4144445358811092,0.7294137858852368,0.739,-0.18169603853754074,medium,Fast
621,https://www.pmindia.gov.in/en/,Law and Government,-0.4343853997096155,-0.11093066178787947,0.389,-0.21038731304520059,fast,Fast
622,https://persmin.gov.in,Law and Government,-0.4248681692460102,1.093144964728824,0.171,0.008800910452894817,fast,Fast
623,http://www.legislation.govt.nz,Law and Government,-0.422148960542123,1.7704375046444705,0.194,-0.3152972364527103,fast,medium
624,https://eci.gov.in,Law and Government,0.8848840231263327,-0.6878835661604668,3.859,-0.1477393985558297,slow,Fast
625,https://www.fec.gov,Law and Government,-0.15747931336376716,-0.17991416122373236,0.509,-0.10476209470536693,medium,medium
626,https://rti.gov.in,Law and Government,-0.06547941888224962,-0.17991416122373236,0.153,-0.23497557634383567,medium,Fast
627,https://www.legislation.sa.gov.au/index.aspx,Law and Government,-0.3958632764045466,1.7014540052086176,0.391,0.07099183095772536,fast,medium
628,https://vote.gov,Law and Government,-0.4248681692460102,0.5600906509063253,0.957,-0.0883003766100787,medium,Fast
629,https://www.eac.gov,Law and Government,1.2193466937044606,0.40330997037029614,0.227,-0.13270827032518936,slow,medium
630,https://www.electoralcommission.org.uk,Law and Government,-0.3958632764045466,1.7014540052086176,1.739,-0.27136620602581557,slow,medium
631,https://loksabha.nic.in,Law and Government,-0.4248681692460102,0.5600906509063253,2.28,-0.30281931374439286,slow,medium
632,https://www.lawcom.gov.uk,Law and Government,-0.4239617663447145,-1.0867336174441249,1.15,-0.18392140054921516,slow,medium
633,https://www.parliament.uk,Law and Government,-0.4357450040615591,-1.1205982444399072,0.277,-0.24651964177939686,fast,Fast
634,https://www.legis.state.pa.us,Law and Government,-0.4357450040615591,-1.1205982444399072,1.599,-0.3152873018008725,slow,Fast
635,https://www.legislation.wa.gov.au,Law and Government,-0.43075978810443255,-0.38686465953129084,0.198,-0.16472765319852306,fast,Fast
636,https://eparlib.nic.in,Law and Government,-0.4280405794005453,2.742477723967851,0.597,-0.21439097773584703,medium,medium
637,https://www.ipu.org,Law and Government,-0.4343853997096155,1.0367039197358536,4.341,-0.2461917982687484,slow,Fast
638,https://www.legis.iowa.gov,Law and Government,3.1314036139878225,-0.7737993790942106,1.115,-0.2920203471966691,slow,medium
639,https://www.army.mod.uk,Law and Government,-0.4284937808511932,-0.21127029733093822,1.754,-0.19453160871202013,slow,medium
640,http://www.stmaryskids.org/,Law and Government,3.5003095948151883,-0.7211210704341049,0.208,-0.27704882687705573,slow,medium
641,http://www.kidswithfoodallergies.org/,Law and Government,-0.40220809671361674,1.7829799590873525,0.586,-0.03693822660848539,medium,medium
642,http://www.malecare.org/,Law and Government,-0.42894698230184103,-0.6809852162168816,0.5,0.3386710900762805,fast,medium
643,http://www.degosdisease.com/,Law and Government,-0.06366661307965818,-0.9958008227332279,0.626,0.6248884095242309,medium,medium
644,http://www.freedomhealthrecovery.com/,Law and Government,-0.4312129895550804,-0.8245963195878842,0.267,-0.2746744450878138,fast,medium
645,http://www.freedomhealthrecovery.com/,Law and Government,0.3745791896968318,0.4722934698061489,0.286,-0.0340273736200005,slow,Fast
646,http://www.cancer.org/research/cancerfactsstatistics/index,Law and Government,-0.4294001837524889,1.4129775530223239,2.721,-0.2968783919453691,slow,Fast
647,http://www.nymemory.org/,Law and Government,-0.4357450040615591,-1.1205982444399072,0.37,-0.2412741456090214,fast,Medium
648,http://www.yunkeracupuncture.com/,Law and Government,-0.432572593907024,0.2778854259414727,2.414,-0.155130779523177,slow,Medium
649,http://www.curavet.com/,Law and Government,-0.3668583835630829,0.37195383426309014,0.318,-0.24390682834604696,fast,Fast
650,http://www.wrlfmd.org/,Health and Fitness,-0.4239617663447145,0.9300930569713539,0.256,-0.2540799118279873,fast,Medium
651,http://www.learnayurveda.com/research.html,Health and Fitness,-0.40900611847333473,0.008222655419502642,1.115,-0.29504048135537014,slow,Medium
652,http://www.securethefuture.com/,Health and Fitness,2.5377097136391136,1.6011143696655588,0.297,-0.20602600088839218,slow,Medium
653,http://www.pocaan.org/,Health and Fitness,-0.41217852862786986,1.2122982819362065,1.563,-0.27951262053283815,slow,Medium
654,http://www.idsociety.org/,Health and Fitness,-0.3935972691513072,1.7014540052086176,0.189,-0.29940179351217855,fast,Medium
655,http://www.chikungunya.in/,Health and Fitness,-0.38679924739158916,1.1056874191717065,0.229,-0.1855606181024575,fast,Medium
656,http://www.asthmastory.com/,Health and Fitness,-0.42622777359795383,0.37822506148453144,0.383,-0.30752833871552543,fast,Medium
657,http://brokenjawtips.com/,Health and Fitness,-0.43483860116026335,0.7419562403281191,0.31,-0.24513872517393817,fast,Medium
658,http://patient.info/,Health and Fitness,1.822104623066127,-0.44330570452426127,0.989,-0.3005542131253671,slow,Fast
659,https://www.mayoclinic.org/,Health and Fitness,1.5220852627372374,-0.8352574058643341,0.646,-0.31045906100768594,slow,Fast
660,http://www.en.usz.ch/Pages/default.aspx,Health and Fitness,-0.4312129895550804,-0.8910713281351607,0.481,0.08099602535842254,fast,Fast
661,https://www.nm.org/,Health and Fitness,-0.43347899680831975,0.1838170176198553,0.133,-0.2995905518970974,fast,Medium
662,https://www.mountsinai.org/,Health and Fitness,-0.4357450040615591,-1.1205982444399072,0.177,-0.16257183374971343,fast,Medium
663,https://www.hamad.qa/EN/Pages/default.aspx,Health and Fitness,2.7615912302591608,-0.4872042950743495,0.384,-0.2926462302624525,slow,Fast
664,https://www.saintfrancis.com/,Health and Fitness,-0.41716374458499644,0.3656826070416491,0.424,-0.3072799724195796,fast,Medium
665,http://www.baylorhealth.com/Pages/Default.aspx,Health and Fitness,-0.4357450040615591,-1.1205982444399072,0.578,-0.24499964004820854,medium,Fast
666,https://www.luriechildrens.org/,Health and Fitness,-0.4330257953576719,-0.13601557067364414,0.848,-0.2795324898365138,medium,medium
667,http://www.rivalfitnessseattle.com/,Health and Fitness,2.0754442339782866,-0.5831540715623993,0.333,-0.3019947376418528,slow,Fast
668,https://www.orangetheory.com/en-in/,Health and Fitness,-0.4330257953576719,-0.4872042950743495,0.53,-0.2800788956875946,medium,medium
669,https://charlestonkettlebellclub.com/,Health and Fitness,-0.42758737794989743,-0.24889766065958524,0.28,-0.3137076921586571,fast,medium
670,https://www.joyoushealth.com/,Health and Fitness,-0.4330257953576719,-1.0886149856105574,0.773,-0.31493958898654834,medium,medium
671,http://www.thegymla.com/,Health and Fitness,-0.40900611847333473,0.6353453775636191,0.812,-0.07820677034284101,medium,Fast
672,https://republicbos.com/,Health and Fitness,-0.4035677010655604,1.387892644136559,0.351,-0.30292859491460905,fast,medium
673,https://www.ironbridgecrossfit.com/,Health and Fitness,-0.43211939245637615,0.7607699219924425,0.192,0.41413470543645514,fast,medium
674,https://crosstownfitness.com/,Health and Fitness,-0.41353813297981346,-0.3116099328739968,0.149,-0.16805576156419688,fast,medium
675,http://www.prevailboxing.com/,Health and Fitness,-0.4235085648940666,0.6604302864493837,0.394,-0.2817081785889991,fast,medium
676,http://portlandteamfitness.com/,Health and Fitness,-0.3750160096747445,-1.0528689904483426,0.558,-0.29807055016590905,medium,medium
677,https://firebrandsports.com/,Health and Fitness,-0.41716374458499644,0.4660222425847076,0.874,-0.15376973222139395,medium,medium
678,https://pulsepdx.net/,Health and Fitness,-0.4343853997096155,0.1838170176198553,1.163,-0.29774270665526054,slow,Fast
679,https://www.push511.com/,Health and Fitness,-0.43075978810443255,1.9334894124019406,0.198,-0.3124459913752524,fast,medium
680,https://www.fulcrumfitness.com/,Health and Fitness,-0.42441496779536236,1.0994161919502654,0.417,0.08525799099685265,fast,medium
681,https://www.castlehillfitness.com/,Health and Fitness,3.29364973331976,-0.7593755564848962,1.353,-0.29762349083320655,slow,medium
682,https://www.apollohospitals.com/,Health and Fitness,-0.4280405794005453,0.3405976981558844,1.008,-0.2524605635784206,slow,medium
683,https://www.fortishealthcare.com/,Health and Fitness,-0.34691751973457663,2.0150153662806756,0.432,-0.30323656912158187,fast,Fast
684,https://www.maxhealthcare.in/,Health and Fitness,-0.41716374458499644,0.4472085609203842,0.389,-0.15730646827566228,fast,medium
685,https://www.narayanahealth.org/,Health and Fitness,-0.355981548747534,0.8297534214282952,0.245,0.13468288389006863,fast,medium
686,https://sgrh.com/,Health and Fitness,-0.40220809671361674,-0.9324614277966722,1.317,-0.28436073062970035,slow,medium
687,https://www.ilbs.in/,Health and Fitness,-0.4280405794005453,-0.0921169801235561,1.88,-0.23190576892594547,slow,medium
688,https://www.medanta.org/,Health and Fitness,-0.43211939245637615,0.37195383426309014,0.352,-0.2580040993039311,fast,medium
689,https://www.sankaranethralaya.org/,Health and Fitness,-0.3790948227305754,-0.0482183895734679,0.261,-0.03954110538999748,fast,Fast
690,https://carehospitals.com/,Health and Fitness,-0.41988295328888364,0.246529289834267,0.551,-0.2585207011994984,medium,medium
691,https://www.ilbs.in/,Health and Fitness,-0.3899716575461243,1.6199280513298824,6.691,-0.29028178312504843,slow,Slow
692,https://www.medanta.org/,Health and Fitness,-0.4076465141213912,2.328576727352734,0.282,-0.31306193978919805,fast,medium
693,https://www.sankaranethralaya.org/,Health and Fitness,-0.38951845609547636,3.413499036662056,0.132,0.12605960609483016,fast,Fast
694,https://carehospitals.com/,Health and Fitness,-0.4402770185680378,-1.1205982444399072,0.202,-0.250543175773719,fast,medium
695,https://safety.blr.com/,Health and Fitness,-0.4402770185680378,-1.1205982444399072,0.391,-0.2138247025810906,fast,Medium
696,http://www.rphworld.com/,Health and Fitness,-0.4312129895550804,-0.355508523424085,0.878,-0.17801028270570493,medium,Medium
697,http://medlibrary.org/,Health and Fitness,-0.4294001837524889,1.5823006880012351,0.194,-0.31210821321276616,fast,Medium
698,http://cshp-nb.ca/,Health and Fitness,-0.4248681692460102,2.591968270653263,0.17,0.09383159553290198,fast,Fast
699,http://www.oilofpisces.com/,Health and Fitness,-0.4248681692460102,2.25332200069544,0.379,0.45351566532162263,fast,Medium
700,http://www.aafp.org/,Health and Fitness,-0.4402770185680378,-1.1205982444399072,0.284,-0.29876597579455727,fast,Medium
701,http://www.oilofpisces.com/,Health and Fitness,-0.4312129895550804,0.08347738207679656,0.799,-0.16064451129317397,medium,Medium
702,http://www.stmarymercy.org/,Health and Fitness,-0.4294001837524889,1.3189091447007062,2.099,-0.2608652790332268,slow,Medium
703,http://aathermography.com/,Health and Fitness,-0.4248681692460102,3.1626499478044092,1.22,-0.2184641849893583,slow,Medium
704,http://www.asma.org/,Health and Fitness,-0.4248681692460102,1.8519634585232057,0.379,0.45351566532162263,fast,Fast
705,http://ecps.md/,Health and Fitness,-0.4343853997096155,0.14618965429120825,1.135,-0.22751465281362357,slow,Medium
706,http://www.poh.org/,Health and Fitness,-0.2993313674165503,3.269260810568909,0.495,-0.22870681103416346,fast,Medium
707,http://drpoulter.com/,Health and Fitness,0.2136926747168381,-0.7932401834806784,0.533,0.6012538728020277,slow,Medium
708,http://youngerfaces.com/,Health and Fitness,-0.4357450040615591,-1.1205982444399072,1.941,-0.25281821104458263,slow,Fast
709,http://www.renewman.com/,Health and Fitness,0.9016524768003041,-0.9086307643551957,0.846,0.6742536945064198,slow,Medium
710,http://www.badyogi.com/blog/,Health and Fitness,-0.43211939245637615,0.1148335181840024,2.146,-0.19738285378947804,slow,Medium
711,https://yogawithadriene.com/blog/,Health and Fitness,0.9016524768003041,-0.9374784095738251,1.025,-0.22384876628546344,slow,Medium
712,https://www.yogagirl.com/read,Health and Fitness,-0.4402770185680378,-1.1205982444399072,0.998,-0.2771084347880827,medium,Fast
713,https://www.yogajournal.com/,Health and Fitness,-0.203252659879202,-0.9989364363439486,0.918,-0.1843287212745663,medium,Medium
714,https://yogajanda.com/blog/,Health and Fitness,-0.43529180261091127,0.7544986947710014,0.448,-0.07719343585538213,fast,Medium
715,https://blog.spiritvoyage.com/,Health and Fitness,-0.43393219825896756,0.6102604686778543,0.315,-0.0325570451480013,fast,medium
716,https://www.yogabasics.com/practice/,Health and Fitness,-0.43483860116026335,-0.4809330678529083,0.349,-0.007799892768123094,fast,Fast
717,https://www.mindbodygreen.com/,Health and Fitness,-0.41942975183823583,-0.3053387056525556,0.587,-0.15532947255993362,medium,medium
718,https://www.yogiapproved.com/,Health and Fitness,-0.4312129895550804,-0.6521375709982521,1.383,-0.28610922935315886,slow,medium
719,https://blog.yogamatters.com/,Health and Fitness,-0.4357450040615591,0.3029703348272374,0.094,-0.2524804328820963,fast,Fast
720,https://www.yogabycandace.com/blog,Health and Fitness,-0.42124255764082724,-0.5480351991223288,0.702,-0.27518111233154324,medium,medium
721,https://iloveveterinary.com/,Health and Fitness,-0.4294001837524889,-0.737426261209852,0.598,-0.22364013859686896,medium,medium
722,https://www.viovet.co.uk/blog,Health and Fitness,-0.4189765503875879,0.8234821942068542,0.414,-0.20979123393493065,fast,medium
723,https://www.vettimes.co.uk/,Health and Fitness,-0.432572593907024,-0.36805097786696733,0.267,-0.24425454116037112,fast,medium
724,https://www.reddit.com/r/AskVet/,Health and Fitness,-0.42894698230184103,0.13991842706976695,4.317,-0.2970572156784501,slow,medium
725,https://www.avma.org/blog,Health and Fitness,0.8993864695470648,-0.7944944289249666,1.292,-0.19094519939856264,slow,medium
726,https://www.petpoisonhelpline.com/blog/,Health and Fitness,-0.4343853997096155,0.3656826070416491,2.079,-0.29242766792202024,slow,medium
727,https://medicalfuturist.com/,Health and Fitness,3.7704176594013186,-0.9086307643551957,0.347,-0.10218901987936835,slow,Fast
728,https://www.webmd.com/,Health and Fitness,-0.4112721257265741,0.6541590592279427,0.875,-0.25462631767906807,medium,medium
729,https://www.everydayhealth.com/,Health and Fitness,-0.42758737794989743,-0.36805097786696733,1.775,-0.19763122008542383,slow,medium
730,https://www.health.com/,Health and Fitness,-0.28936093550229725,0.5726331053492076,0.989,-0.16638674005544107,medium,medium
731,https://www.medscape.com/,Health and Fitness,2.481965935209425,-0.2990674784311145,0.405,-0.08291579531397356,slow,medium
732,https://www.healthline.com/,Health and Fitness,-0.43483860116026335,-0.4621193861885848,0.275,-0.257358346934472,fast,medium
733,https://www.mercola.com/,Health and Fitness,-0.394503672052603,3.2880744922332323,3.062,-0.286099294701321,slow,Fast
